,Title,Authors,Race,paper_id
0,'I Make Therefore I Am': The Effects of Curriculum-Aligned Making on Children's Self-Identity,"['Sharon Chu', 'Francis Quek']","['A', 'A']",0
1,'Maker' within Constraints: Exploratory Study of Young Learners using Arduino at a High School in India,"['Sowmya Somanath', 'Lora Oehlberg', 'Ehud Sharlin']","['A', 'W_NL', 'A']",1
2,A 3D Item Space Visualization for Presenting and Manipulating User Preferences in Collaborative Filtering,"['Benedikt Loepp', 'Jrgen Ziegler']","['W_NL', 'W_NL']",2
3,A Critical Lens on Dementia and Design in HCI,['Amanda Lazar'],['W_NL'],3
4,A Data-Driven Multidimensional Approach to Hint Design in Video Games,"['Helen Wauck', 'WaiTat Fu']","['B_NL', 'A']",4
5,A Framework for Speechreading Acquisition Tools,['Benjamin Gorman'],['W_NL'],5
6,A Human-Centered Approach to Algorithmic Services: Considerations for Fair and Motivating Smart Community Service Management that Allocates Donations to Non-Profit Organizations,['Ji Kim'],['A'],6
7,A Multifaceted Study on Eye Contact based Speaker Identification in Three-party Conversations,"['Yu Ding', 'Yuting Zhang', 'Zhigang Deng']","['A', 'A', 'A']",7
8,A Network-Fusion Guided Dashboard Interface for Task-Centric Document Curation,"['Paul Jones', 'Nagiza F Samatova']","['B_NL', 'A']",8
9,A Predictive Model of Emergency Physician Task Resumption Following Interruptions,['Aaron Hettinger'],['W_NL'],9
10,A Simple Nod of the Head: The Effect of Minimal Robot Movements on Children's Perception of a Low-Anthropomorphic Robot,"['Jamy Li', 'Vanessa Evers']","['A', 'B_NL']",10
11,A Thing of Beauty: Steering Behavior in an Interactive Playground,['Dennis Reidsma'],['W_NL'],11
12,Activitity as the Ultimate Particular of Interaction Design,['Annika Waern'],['W_NL'],12
13,Adaptive View Management for Drone Teleoperation in Complex 3D Structures,"['Photchara Ratsamee', 'Kiyoshi Kiyokawa', 'Jason Orlosky', 'Tomohiro Mashita', 'Yuki Uranishi', 'Haruo Takemura']","['A', 'A', 'B_NL', 'A', 'A', 'A']",13
14,Aesthetic Functional and Conceptual Provocation in Research Through Design,"['Dimitrios Raptis', 'Rikke Hagensby Jensen', 'Jesper Kjeldskov', 'Mikael B Skov']","['W_NL', 'W_NL', 'W_NL', 'W_NL']",14
15,Affective Color in Visualization,['Lyn Bartram'],['W_NL'],15
16,Against Marrying a Stranger: Marital Matchmaking Technologies in Saudi Arabia,"['Adel AlDawood', 'Houda El mimouni', 'Svetlana Yarosh']","['A', 'A', 'W_NL']",16
17,Agency in Assistive Technology Adoption: Visual Impairment and Smartphone Use in Bangalore,['Aditya Johri'],['A'],17
18,Agency in Mid-air Interfaces,['Silvana Pirro'],['HL'],18
19,AirPanes: Two-Handed Around-Device Interaction for Pane Switching on Smartphones,['Junhyeok Kim'],['A'],19
20,Algorithms ruin everything: #RIPTwitter Folk Theories and Resistance to Algorithmic Change in Social Media,"['Michael DeVito', 'Darren Gergle']","['W_NL', 'W_NL']",20
21,AlterNail: Ambient Batteryless Stateful Dynamic Displays at your Fingertips,"['Christine Dierk', 'Eric Paulos']","['W_NL', 'W_NL']",21
22,Always On(line)?: User Experience of Smartwatches and their Role within Multi-Device Ecologies,['Anna Cox'],['W_NL'],22
23,Ambiotherm: Enhancing Sense of Presence in Virtual Reality by Simulating Real-World Environmental Conditions,"['David Tolley', 'YiLuen Do']","['W_NL', 'A']",23
24,An Intelligent Interface for Organizing Online Opinions on Controversial Topics,['WaiTat Fu'],['A'],24
25,AnimSkin: Fabricating Epidermis with Interactive Functional and Aesthetic Color Animation,"['Yanan Wang', 'Preben Hansen']","['A', 'W_NL']",25
26,AnimaStage: Hands-on Animated Craft on Pin-based Shape Displays,"['Ken Nakagaki', 'Daniel Leithinger', 'Hiroshi Ishii']","['A', 'W_NL', 'A']",26
27,Apply Now!: Fictional Job Postings as an Instrument to Discuss Interactive Futures of Work,['Manfred Tscheligi'],['W_NL'],27
28,Applying Real-Time Text on Instant Messaging for a Rapid and Enriched Conversation Experience,['Geehyuk Lee'],['A'],28
29,Articulating Challenges of Hybrid Crafting for the Case of Interactive Silversmith Practice,['Vasiliki Tsaknaki'],['A'],29
30,AscoltaMe: Retracing the Computational Expressivity of a Tactful Object for Sensitive Settings,['Elisa Giaccardi'],['HL'],30
31,Assessing the Contribution of Twitter's Textual Information to Graph-based Recommendation,"['Evgenia Wasserman Pritsker', 'Tsvi Kuflik', 'Einat Minkov']","['A', 'A', 'A']",31
32,Attention Allocation Aid for Visual Search,['Arturo Deza'],['HL'],32
33,Attention from Afar: Simulating the Gazes of Remote Participants in Hybrid Meetings,['Jason Ellis'],['W_NL'],33
34,Audible Beacons and Wearables in Schools: Helping Young Visually Impaired Children Play and Move Independently,['Euan Freeman'],['W_NL'],34
35,Audience Participation Games: Blurring the Line Between Player and Spectator,"['Joseph Seering', 'Saiph Savage', 'Michael Eagle', 'Jeffrey P Bigham', 'Jessica Hammer']","['W_NL', 'B_NL', 'W_NL', 'W_NL', 'W_NL']",35
36,Augmented Studio: Projection Mapping on Moving Body for Physiotherapy Education,['Frank Vetere'],['W_NL'],36
37,AutoJam: Exploring Interactive Music Experiences in Stop-and-Go Traffic,['Stefan Greuter'],['W_NL'],37
38,BIGnav: Bayesian Information Gain for Guiding Multiscale Navigation,['Wanyu Liu'],['A'],38
39,BackXPress: Using Back-of-Device Finger Pressure to Augment Touchscreen Input on Smartphones,['Simon Voelker'],['A'],39
40,Be Grateful You Don't Have a Real Disease: Understanding Rare Disease Relationships,['Grace Bastin'],['W_NL'],40
41,Be Me or Be Mii?: A Study of Self-Presentation and Interaction in the Miitomo Mobile Application,['Geoff Kaufman'],['W_NL'],41
42,Being Bringing and Bridging: Three Aspects of Sketching with Nature,['Elsa KosmackVaara'],['HL'],42
43,Bendtroller:: An Exploration of In-Game Action Mappings with a Deformable Game Controller,['Audrey Girouard'],['W_NL'],43
44,Better Organization or a Source of Distraction?: Introducing Digital Peer Feedback to a Paper-Based Classroom,"['Alex Sciuto', 'Jessica Hammer']","['HL', 'W_NL']",44
45,Better the Devil You Know: Exposing the Data Sharing Practices of Smartphone Apps,['Max Van Kleek'],['W_NL'],45
46,Beyond Hybrids: Metaphors and Margins in Design,['Laura Devendorf'],['W_NL'],46
47,Bitbarista: Exploring Perceptions of Data Transactions in the Internet of Things,['Chris Speed'],['W_NL'],47
48,Block Party: Synchronized Planning and Navigation Views for Neighbourhood Expeditions,['Derek Reilly'],['W_NL'],48
49,BoostFM: Boosted Factorization Machines for Top-N Feature-based Recommendation,"['Fajie Yuan', 'Guibing Guo', 'Joemon M Jose', 'Long Chen', 'Haitao Yu', 'Weinan Zhang']","['A', 'A', 'A', 'A', 'A', 'A']",49
50,Bottom-up vs. Top-down: Trade-offs in Efficiency Understanding Freedom and Creativity with InfoVis Tools,['Miguel Nacenta'],['HL'],50
51,BreathScreen: Design and Evaluation of an Ephemeral UI,"['Ashley Colley', 'Jonna Hakkila']","['W_NL', 'W_NL']",51
52,Building a Maker Community Around an Open Hardware Platform,['Alan Chamberlain'],['W_NL'],52
53,CQAVis: Visual Text Analytics for Community Question Answering,"['Enamul Hoque', 'Shafiq Joty', 'Giuseppe Carenini']","['A', 'A', 'W_NL']",53
54,Calendar.help: Designing a Workflow-Based Scheduling Agent with Humans in the Loop,['Sandeep Soni'],['A'],54
55,CalibMe: Fast and Unsupervised Eye Tracker Calibration for Gaze-Based Pervasive Human-Computer Interaction,['Thiago Santini'],['HL'],55
56,Calming Children When Drawing Blood Using Breath-based Biofeedback,"['Tobias Sonne', 'Timothy Merritt', 'Paul Marshall', 'Jorg Muller', 'Kaj Grnbk']","['W_NL', 'W_NL', 'W_NL', 'W_NL', 'A']",56
57,Can People Self-Report Security Accurately?: Agreement Between Self-Report and Behavioral Measures,"['Rick Wash', 'Emilee Rader']","['W_NL', 'W_NL']",57
58,Can Unicorns Help Users Compare Crypto Key Fingerprints?,['Blase Ur'],['W_NL'],58
59,CarNote: Reducing Misunderstanding between Drivers by Digital Augmentation,['Jun Hu'],['A'],59
60,CarVR: Enabling In-Car Virtual Reality Entertainment,['Jan Gugenheimer'],['W_NL'],60
61,Care and Connect: Exploring Dementia-Friendliness Through an Online Community Commissioning Platform,['Peter Wright'],['W_NL'],61
62,Cartograph: Unlocking Spatial Visualization Through Semantic Enhancement,"['Shilad Sen', 'Qisheng Li', 'Brooke Boatman', 'Monica Ngo', 'Bret Jackson', 'Brent Hecht']","['A', 'A', 'W_NL', 'A', 'B_NL', 'W_NL']",62
63,Celebratory Technology to Orchestrate the Sharing of Devices and Stories during Family Mealtimes,"['Frank Vetere', 'Hilary Davis']","['W_NL', 'W_NL']",63
64,Centralized Parallel and Distributed Information Processing during Collective Sensemaking,"['Kate Starbird', 'Emma Spiro']","['W_NL', 'W_NL']",64
65,Challenges in Public Display Deployments: A Taxonomy of External Factors,"['Jaakko Hakulinen', 'Tomi Heimonen', 'Markku Turunen']","['A', 'W_NL', 'A']",65
66,Chameleon Devices: Investigating More Secure and Discreet Mobile Interactions via Active Camouflaging,"['Jennifer Pearson', 'Matt Jones', 'Shashank Ahire', 'Deepak Sahoo']","['W_NL', 'W_NL', 'A', 'A']",66
67,Changing Moods: How Manual Tracking by Family Caregivers Improves Caring and Family Communication,['Hideaki Kuzuoka'],['A'],67
68,ChartSense: Interactive Data Extraction from Chart Images,['Hyunjoo Song'],['A'],68
69,Cinehacking Cape Town - Embracing Informality in Pursuit of High Quality Media,"['David Green', 'Peter Wright']","['W_NL', 'W_NL']",69
70,Citizen Science Opportunities in Volunteer-Based Online Experiments,['Nigini Oliveira'],['A'],70
71,Cito: An Actuated Smartwatch for Extended Interactions,['Daniel Vogel'],['W_NL'],71
72,Class Confessions: Restorative Properties in Online Experiences of Socioeconomic Stigma,"['Oliver Haimson', 'Nazanin Andalibi', 'Melissa Mazmanian', 'Gillian Hayes']","['W_NL', 'A', 'W_NL', 'W_NL']",72
73,Close to the Action: Eye-Tracking Evaluation of Speaker-Following Subtitles,['Daniel Weiskopf'],['W_NL'],73
74,Co-3Deator: A Team-First Collaborative 3D Design Ideation Tool,"['Cecil Piya', 'Niklas Elmqvist']","['A', 'W_NL']",74
75,Co-Designing with Preschoolers Using Fictional Inquiry and Comicboarding,['Alexis Hiniker'],['W_NL'],75
76,CogniLearn: A Deep Learning-based Interface for Cognitive Behavior Assessment,"['Dylan Ebert', 'Michalis Papakostas', 'Fillia Makedon', 'Vassilis Athitsos']","['W_NL', 'HL', 'B_NL', 'HL']",76
77,CoilMove: An Actuated to-body Energy Transfer System,"['Paul Worgan', 'Mike Fraser']","['W_NL', 'W_NL']",77
78,Collaboration Awareness and Communication in Real-Life Escape Rooms,"['Rui Pan', 'Carman Neustaedter']","['A', 'W_NL']",78
79,Collaboration with 360° Videochat: Challenges and Opportunities,"['Anthony Tang', 'Carman Neustaedter', 'Scott Bateman']","['A', 'W_NL', 'W_NL']",79
80,Collaborative Map Making: A Reflexive Method for Understanding Matters of Concern in Design Research,"['Hee Lee', 'Selma Sabanovic']","['A', 'W_NL']",80
81,Community Commerce: Facilitating Trust in Mom-to-Mom Sale Groups on Facebook,['Sarita Schoenebeck'],['A'],81
82,Community Conversational: Supporting and Capturing Political Deliberation in Local Consultation Processes,"['Jo Briggs', 'Emma Flynn', 'John Vines']","['W_NL', 'W_NL', 'W_NL']",82
83,Community Inventor Days: Scaffolding Grassroots Innovation with Maker Events,"['Nick Taylor', 'Katerina Gorkovenko']","['B_NL', 'W_NL']",83
84,Community-Empowered Air Quality Monitoring System,['YenChia Hsu'],['A'],84
85,Comparing Social Robot Screen and Voice Interfaces for Smart-Home Control,['Michal Luria'],['W_NL'],85
86,Comparing Touchscreen and Mouse Input Performance by People With and Without Upper Body Motor Impairments,"['Leah Findlater', 'Jon Froehlich']","['W_NL', 'W_NL']",86
87,Competent Men and Warm Women: Gender Stereotypes and Backlash in Image Search Results,['Paul Clough'],['W_NL'],87
88,Conceptualising Resourcefulness as a Dispersed Practice,"['Lenneke Kuijer', 'Elisa Giaccardi']","['W_NL', 'HL']",88
89,Confiding in and Listening to Virtual Agents: The Effect of Personality,"['Jingyi Li', 'Gloria Mark']","['A', 'A']",89
90,Connecting Those That Care: Designing for Transitioning Talking Belonging and Escaping,"['Konstantina Vasileiou', 'Manuela Barreto', 'Julie Barnett', 'Shaun Lawson', 'John Vines']","['A', 'HL', 'W_NL', 'W_NL', 'W_NL']",90
91,Control and Being Controlled: Exploring the use of Technology in an Immersive Theatre Performance,"['Sarah Wiseman', 'Janet van der Linden']","['W_NL', 'W_NL']",91
92,Could You Define That in Bot Terms?: Requesting Creating and Using Bots on Reddit,"['John Vines', 'Selina Sutton', 'Ben Kirman', 'Julie Barnett', 'Shaun Lawson']","['W_NL', 'W_NL', 'A', 'W_NL', 'W_NL']",92
93,Crafting a View of Self-Tracking Data in the Clinical Visit,['Helena Mentis'],['W_NL'],93
94,Creating Conditions for Patients' Values to Emerge in Clinical Conversations: Perspectives of Health Care Team Members,"['Andrew BL Berry', 'Andrea L Hartzler']","['B_NL', 'W_NL']",94
95,Creating a Sociotechnical API: Designing City-Scale Community Engagement,['Christopher Dantec'],['W_NL'],95
96,Creative Evaluation,['Georgios Marentakis'],['W_NL'],96
97,Criteria Chains: A Novel Multi-Criteria Recommendation Approach,['Yong Zheng'],['A'],97
98,Critical Design Research and Information Technology: Searching for Empowering Design,['Kari Kuutti'],['W_NL'],98
99,Critique Style Guide: Improving Crowdsourced Design Feedback with a Natural Language Model,"['Elizabeth Gerber', 'Brian Bailey']","['W_NL', 'W_NL']",99
100,Critiquing Physical Prototypes for a Remote Audience,['Lora Oehlberg'],['W_NL'],100
101,CrowdVerge: Predicting If People Will Agree on the Answer to a Visual Question,['Danna Gurari'],['W_NL'],101
102,Crowdfunding Platforms and the Design of Paying Publics,['Jo Briggs'],['W_NL'],102
103,"Dark Clouds, Io&#!+, and [Crystal Ball Emoji]: Projecting Network Anxieties with Alternative Design Metaphors",['James Pierce'],['W_NL'],103
104,De-emphasizing Content to Study the Relationship between Meaning Messages and Content in IM Systems,['Dan Cosley'],['W_NL'],104
105,Deconstructing Cosmetic Virtual Goods Experiences in Dota 2,['Alexander Sirotkin'],['W_NL'],105
106,Deep Sequential Recommendation for Personalized Adaptive User Interfaces,"['Harold Soh', 'Scott Sanner', 'Greg Jamieson']","['A', 'W_NL', 'W_NL']",106
107,DemYouth: Co-Designing and Enacting Tools to Support Young People's Engagement with People with Dementia,['John Vines'],['W_NL'],107
108,Demand Around the Clock: Time Use and Data Demand of Mobile Devices in Everyday Life,"['Kelly Widdicks', 'Oliver Bates', 'Adrian Friday']","['W_NL', 'W_NL', 'W_NL']",108
109,Design Features in Games for Health: Disciplinary and Interdisciplinary Expert Perspectives,['Jessica Hammer'],['W_NL'],109
110,Design Guidelines for Web Readability,"['Aliaksei Miniukovich', 'Simone Sulpizio', 'Paola Venuti']","['A', 'A', 'HL']",110
111,Design Techniques for Exploring Automotive Interaction in the Drive towards Automation,"['Ingrid Pettersson', 'Wendy Ju']","['B_NL', 'A']",111
112,Design and Evaluation of a Data-Driven Password Meter,"['Blase Ur', 'Nicolas Christin', 'Pardis Emami Naeini']","['W_NL', 'W_NL', 'A']",112
113,Design for Trust: An Exploration of the Challenges and Opportunities of Bitcoin Users,['Corina Sas'],['HL'],113
114,Designing Authentic Emotions for Non-Human Characters: A Study Evaluating Virtual Affective Behavior,['Oliver Korn'],['W_NL'],114
115,Designing Connections for Hearing Rehabilitation: Exploring Future Client Journeys with Elderly Hearing Aid Users Relatives and Healthcare Providers,"['Anne Marie Kanstrup', 'Sergi RotgerGriful', 'Ariane LaplanteLvesque']","['W_NL', 'A', 'HL']",115
116,Designing Contestability: Interaction Design Machine Learning and Mental Health,"['Shrikanth Narayanan', 'David C Atkins']","['A', 'W_NL']",116
117,Designing Cultural Values into Interaction,['Kate Hennessy'],['W_NL'],117
118,Designing Documentary Informatics,"['Chris Elsden', 'Abigail C Durrant', 'David Chatting']","['W_NL', 'W_NL', 'W_NL']",118
119,Designing Game-Based Myoelectric Prosthesis Training,['Scott Bateman'],['W_NL'],119
120,Designing Gamified Applications that Make Safe Driving More Engaging,['Ronald Schroeter'],['W_NL'],120
121,Designing Intelligent Assistant through User Participations,['Sangsu Lee'],['A'],121
122,Designing Interactive Advertisements for Public Displays,"['Hasibullah Sahibzada', 'Florian Echtler']","['A', 'W_NL']",122
123,Designing Memory Probes to Inform Dialogue,"['Daniel Orth', 'Elise van den Hoven']","['W_NL', 'W_NL']",123
124,Designing for Cohabitation: Naturecultures Hybrids and Decentering the Human in Design,['Shaowen Bardzell'],['A'],124
125,Designing for Kinesthetic Awareness: Revealing User Experiences through Second-Person Inquiry,"['Sarah Alaoui', 'Thecla Schiphorst']","['W_NL', 'W_NL']",125
126,Designing for Self-Tracking of Emotion and Experience with Tangible Modality,['Hwajung Hong'],['A'],126
127,"Designing for the ""Universe of One"": Personalized Interactive Media Systems for People with the Severe Cognitive Impairment Associated with Rett Syndrome",['Joanna McGrenere'],['W_NL'],127
128,Deus EM Machina: On-Touch Contextual Functionality for Smart IoT Appliances,"['Robert Xiao', 'Chris Harrison']","['A', 'W_NL']",128
129,Differences in Crowdsourced vs. Lab-based Mobile and Desktop Input Performance Data,"['Leah Findlater', 'Jon Froehlich']","['W_NL', 'W_NL']",129
130,Digital Decoupling and Disentangling: Towards Design for Romantic Break Up,"['Daniel Herron', 'Wendy Moncur', 'Elise van den Hoven']","['W_NL', 'B_NL', 'W_NL']",130
131,Digital Mechanical Metamaterials,"['Robert Kovacs', 'Patrick Baudisch']","['W_NL', 'W_NL']",131
132,Digital Systems and the Experience of Legacy,['Jodi Forlizzi'],['W_NL'],132
133,Dimensions for Automatic Interpretation of Approximate Numerical Expressions: An empirical study,"['Marcin Detyniecki', 'Charles Tijus']","['W_NL', 'B_NL']",133
134,Disempowered by Data: Nonprofits Social Enterprises and the Consequences of Data-Driven Work,"['Chris Bopp', 'Ellie Harmon']","['W_NL', 'W_NL']",134
135,Do-It-Yourself Empowerment as Experienced by Novice Makers with Disabilities,"['Janis Lena Meissner', 'John Vines', 'Janice McLaughlin', 'Peter Wright']","['W_NL', 'W_NL', 'W_NL', 'W_NL']",135
136,Don't Just Swipe Left Tell Me Why: Enhancing Gesture-based Feedback with Reason Bins,"['Juan Felipe Beltran', 'Azza Abouzied', 'Arnab Nandi']","['HL', 'A', 'A']",136
137,Driver Readiness Model for Regulating the Transfer from Automation to Human Control,"['Mark A Neerincx', 'Mark A Neerincx']","['A', 'A']",137
138,DyFAV: Dynamic Feature Selection and Voting for Real-time Recognition of Fingerspelled Alphabet using Wearables,"['Prajwal Paudyal', 'Junghyo Lee', 'Ayan Banerjee', 'Sandeep KS Gupta']","['A', 'A', 'A', 'A']",138
139,EdiPulse: Investigating a Playful Approach to Self-monitoring through 3D Printed Chocolate Treats,"['Rohit Khot', 'Florian Mueller']","['A', 'W_NL']",139
140,Effect of Motion-Gesture Recognizer Error Pattern on User Workload and Behavior,"['Keiko Katsuragawa', 'Edward Lank', 'Edward Lank']","['A', 'B_NL', 'B_NL']",140
141,Effects of Frequency Distribution on Linear Menu Performance,['Wanyu Liu'],['A'],141
142,Effects of Sharing Physiological States of Players in a Collaborative Virtual Reality Gameplay,"['Arindam Dey', 'Thammathip Piumsomboon']","['A', 'A']",142
143,Effects of Tactile Feedback on the Perception of Virtual Shapes on Non-Planar DisplayObjects,['Roel Vertegaal'],['W_NL'],143
144,Efficient Typing on a Visually Occluded Physical Keyboard,['Keith Vertanen'],['W_NL'],144
145,Electrick: Low-Cost Touch Sensing Using Electric Field Tomography,['Chris Harrison'],['W_NL'],145
146,Embodied Design Ideation Methods: Analysing the Power of Estrangement,['Anna Vallgrda'],['HL'],146
147,Embracing Errors: Examining How Context of Use Impacts Blind Individuals' Acceptance of Navigation Aid Errors,['Amy Hurst'],['W_NL'],147
148,Emotion Actuator: Embodied Emotional Feedback through Electroencephalography and Electrical Muscle Stimulation,['Michael Rohs'],['W_NL'],148
149,Empirical Analysis of the Subjective Impressions and Objective Measures of Domain Scientists' Visual Analytic Judgments,['Aritra Dasgupta'],['A'],149
150,Enabling Hand-Crafted Visual Markers at Scale,"['Steve Benford', 'Boriana Koleva', 'Stefan RennickEgglestone', 'Richard Mortier', 'Michael Worboys']","['B_NL', 'A', 'W_NL', 'W_NL', 'W_NL']",150
151,"Enabling Polyvocality in Interactive Documentaries through ""Structural Participation""","['David Green', 'Jonathan Hook', 'Peter Wright']","['W_NL', 'W_NL', 'W_NL']",151
152,Engaging Children Using a Digital Living Media System,"['Foad Hamidi', 'Melanie Baljko']","['A', 'W_NL']",152
153,Enhancing Personal Informatics Through Social Sensemaking,"['Aare Puussaar', 'Peter Wright']","['W_NL', 'W_NL']",153
154,EnseWing: Creating an Instrumental Ensemble Playing Experience for Children with Limited Music Training,['Feng Tian'],['A'],154
155,Environment-Scale Fabrication: Replicating Outdoor Climbing Experiences,['Emily Whiting'],['W_NL'],155
156,Essence: Olfactory Interfaces for Unconscious Influence of Mood and Cognitive Performance,"['Judith Amores', 'Pattie Maes']","['HL', 'W_NL']",156
157,Evaluating Interface Characteristics for Shared Lighting Systems in the Office Environment,['Thomas van de Werff'],['W_NL'],157
158,Evaluating Perceptually Complementary Views for Network Exploration Tasks,['Kim Marriott'],['W_NL'],158
159,Examining Adult-Child Interactions in Intergenerational Participatory Design,"['Jason Yip', 'Laura Pina']","['A', 'HL']",159
160,Examining Crowd Work and Gig Work Through The Historical Lens of Piecework,['Michael Bernstein'],['W_NL'],160
161,Examining Localization Approaches for Community Health,"['Aditya Vashistha', 'Neha Kumar', 'Anil Mishra', 'Richard Anderson']","['A', 'A', 'A', 'W_NL']",161
162,Examining Low-Cost Virtual Reality for Learning in Low-Resource Environments,['Neha Kumar'],['A'],162
163,Examining Menstrual Tracking to Inform the Design of Personal Informatics Tools,"['Daniel Epstein', 'Laura Pina', 'Julie Kientz', 'Sean Munson']","['W_NL', 'HL', 'W_NL', 'W_NL']",163
164,Experiences of Delivering a Public Health Data Service,['Madeline Balaam'],['W_NL'],164
165,Experimental Analysis of Mode Switching Techniques in Touch-based User Interfaces,['Daniel Vogel'],['W_NL'],165
166,Explaining Recommendations Based on Feature Sentiments in Product Reviews,['Li Chen'],['A'],166
167,Exploring At-Your-Side Gestural Interaction for Ubiquitous Environments,"['James R Wallace', 'Edward Lank']","['W_NL', 'B_NL']",167
168,Exploring Design Opportunities for a Context-Adaptive Medical Checklist Through Technology Probe Approach,"['Leah Kulp', 'Aleksandra Sarcevic', 'Ivan Marsic']","['W_NL', 'W_NL', 'HL']",168
169,Exploring Interactions and Perceptions of Kinetic Wearables,"['HsinLiu Cindy Kao', 'Artem Dementyev', 'Inrak Choi', 'Sean Follmer']","['A', 'A', 'A', 'W_NL']",169
170,Exploring Novice Approaches to Smartphone-based Thermographic Energy Auditing: A Field Study,"['Manaswi Saha', 'Jon Froehlich']","['A', 'W_NL']",170
171,Exploring Seasonality in Mobile Cultural Heritage,['Juan Carlos Vasquez'],['HL'],171
172,Exploring Topic-Based Sharing Mechanisms,['Lorrie Faith Cranor'],['W_NL'],172
173,Extracting Gait Velocity and Stride Length from Surrounding Radio Signals,"['Hsu ChenYu', 'Dina Katabi']","['A', 'A']",173
174,Eyes Understand the Sketch!: Gaze-Aided Stroke Grouping of Hand-Drawn Flowcharts,['Guihuan Feng'],['A'],174
175,FDVT: Data Valuation Tool for Facebook Users,"['ngel Cuevas', 'Rubn Cuevas']","['HL', 'HL']",175
176,FLight: A Low-Cost Reading and Writing System for Economically Less-Privileged Visually-Impaired People Exploiting Ink-based Braille System,['Alim Islam'],['A'],176
177,Facade: Auto-generating Tactile Interfaces to Appliances,['Scott Hudson'],['W_NL'],177
178,Facilitating Development of Pragmatic Competence through a Voice-driven Video Learning Interface,['Gabriel Culbertson'],['W_NL'],178
179,Facilitating Pervasive Community Policing on the Road with Mobile Roadwatch,['Sangkeun Park'],['A'],179
180,Factors in Fairness and Emotion in Online Case Resolution Systems,['Cliff Lampe'],['W_NL'],180
181,Fieldward and Pathward: Dynamic Guides for Defining Your Own Gestures,"['Joseph Malloch', 'Joanna McGrenere']","['B_NL', 'W_NL']",181
182,Finding Common Ground: A Survey of Capacitive Sensing in Human-Computer Interaction,"['Steve Hodges', 'Joshua Smith']","['W_NL', 'W_NL']",182
183,Finding Similar People to Guide Life Choices: Challenge Design and Evaluation,"['Catherine Plaisant', 'Neil Spring']","['W_NL', 'W_NL']",183
184,Finding the Right Fit: Understanding Health Tracking in Workplace Wellness Programs,"['ChiaFang Chung', 'Sean Munson']","['A', 'W_NL']",184
185,Five Lenses for Designing Exertion Experiences,['Florian Mueller'],['W_NL'],185
186,Flash Organizations: Crowdsourcing Complex Work by Structuring Crowds As Organizations,"['Daniela Retelny', 'Michael Bernstein']","['HL', 'W_NL']",186
187,Flexibles: Deformation-Aware 3D-Printed Tangibles for Capacitive Touchscreens,['Jrgen Steimle'],['W_NL'],187
188,Follow-My-Lead: Intuitive Indoor Path Creation and Navigation Using Interactive Videos,['Shengdong Zhao'],['A'],188
189,ForceEdge: Controlling Autoscroll on Both Desktop and Mobile Computers Using the Force,['Axel Antoine'],['W_NL'],189
190,Free the Hands! Enhanced Target Selection via a Variable-Friction Shoe,['Jeremy Cooperstock'],['W_NL'],190
191,Freedom versus Standardization: Structured Data Generation in a Peer Production Community,"['Sarah McRoberts', 'Brent Hecht']","['W_NL', 'W_NL']",191
192,From in the Class or in the Wild?: Peers Provide Better Design Feedback Than External Crowds,"['WaiTat Fu', 'Elizabeth Gerber', 'Brian Bailey']","['A', 'W_NL', 'W_NL']",192
193,Frozen Suit: Designing a Changeable Stiffness Suit and its Application to Haptic Games,['Anne Roudaut'],['W_NL'],193
194,Fruit Are Heavy: A Prototype Public IoT System to Support Urban Foraging,['Tom Jenkins'],['B_NL'],194
195,FutureSelf: What Happens When We Forecast Self-Trackers? Future Health Statuses?,"['Injung Lee', 'Younkyung Lim']","['A', 'A']",195
196,GIAnT: Visualizing Group Interaction at Large Wall Displays,['Raimund Dachselt'],['W_NL'],196
197,GPGPU-based Highly Parallelized 3D Node Localization for Real-Time 3D Model Reproduction,"['Yuichi Itoh', 'Takao Onoye']","['A', 'A']",197
198,GUI Design for IDE Command Recommendations,"['Marko Gasparic', 'Andrea Janes', 'Francesco Ricci', 'Marco Zanellati']","['W_NL', 'W_NL', 'W_NL', 'HL']",198
199,GUI Robots: Using Off-the-Shelf Robots as Tangible Input and Output Devices for Unmodified GUI Applications,"['Darren Guinness', 'Daniel Szafir', 'Shaun K Kane']","['W_NL', 'W_NL', 'W_NL']",199
200,Gaze-Adaptive Above and On-Surface Interaction,"['Baris Serim', 'Khalil Klouche', 'Giulio Jacucci']","['A', 'A', 'HL']",200
201,Gender Norms and Attitudes about Childcare Activities Presented on Father Blogs,"['Kai Lukoff', 'Sarita Schoenebeck']","['A', 'A']",201
202,Gender-Inclusiveness Personas vs. Stereotyping: Can We Have it Both Ways?,"['Nicola Marsden', 'Margaret Burnett']","['W_NL', 'W_NL']",202
203,Genie: Input Retargeting on the Web through Command Reverse Engineering,['Andrew Ko'],['A'],203
204,Getting Something for Nothing?: A User-Centric Perspective on Loyalty Card Schemes,['Chris Speed'],['W_NL'],204
205,Giving Form to a Hedonic Haptics Player,"['Laurens Boer', 'Anna Vallgrda']","['W_NL', 'HL']",205
206,Group Touch: Distinguishing Tabletop Users in Group Settings via Statistical Modeling of Touch Pairs,['Jacob Wobbrock'],['W_NL'],206
207,Growing the Blockchain Information Infrastructure,['Pernille Bjorn'],['W_NL'],207
208,Guided Selfies using Models of Portrait Aesthetics,['Daniel Vogel'],['W_NL'],208
209,Guidelines for Tree-based Collaborative Goal Setting,"['Rifca Peters', 'Joost Broekens', 'Mark A Neerincx', 'Mark A Neerincx']","['HL', 'B_NL', 'A', 'A']",209
210,Gut Instinct: Creating Scientific Theories with Online Learners,['Vineet Pandey'],['A'],210
211,HCI Solidarity Movements and the Solidarity Economy,"['Matt Jones', 'Shaun Lawson']","['W_NL', 'W_NL']",211
212,HCI and Environmental Public Policy: Opportunities for Engagement,"['Vanessa Thomas', 'Oliver Bates']","['W_NL', 'W_NL']",212
213,HOBIT: Hybrid Optical Bench for Innovative Teaching,"['Bruno Bousquet', 'JeanPaul Guillet']","['W_NL', 'W_NL']",213
214,Hackerspace Tropes Identities and Community Values,['Austin L Toombs'],['W_NL'],214
215,Hands as a Controller: User Preferences for Hand Specific On-Skin Gestures,"['Celalettin Yurdakul', 'Tilbe Gksun', 'Oguzhan Ozcan']","['A', 'A', 'A']",215
216,Handsfree Omnidirectional VR Navigation using Head Tilt,"['Majed Al Zayer', 'Eelke Folmer']","['A', 'W_NL']",216
217,Haptic-Enabled Handheld Mobile Robots: Design and Analysis,['Pierre Dillenbourg'],['W_NL'],217
218,HapticHead: A Spherical Vibrotactile Grid around the Head for 3D Guidance in Virtual and Augmented Reality,['Michael Rohs'],['W_NL'],218
219,Has Instagram Fundamentally Altered the 'Family Snapshot'?,"['Shaun Lawson', 'Jamie Mahoney']","['W_NL', 'W_NL']",219
220,HeadPhones: Ad Hoc Mobile Multi-Display Environments through Head Tracking,['Jens Grubert'],['W_NL'],220
221,Heat-Nav: Using Temperature Changes as Navigation Cues,['Jordan Tewell'],['W_NL'],221
222,Help It Looks Confusing: GUI Task Automation Through Demonstration and Follow-up Questions,"['Thanapong Intharah', 'Gabriel J Brostow']","['A', 'B_NL']",222
223,High Costs and Small Benefits: A Field Study of How Users Experience Operating System Upgrades,['Joanna McGrenere'],['W_NL'],223
224,How Busy Are You?: Predicting the Interruptibility Intensity of Mobile Users,['Janne Lindqvist'],['W_NL'],224
225,How Design-inclusive UXR Influenced the Integration of Project Activities: Three Design Cases from Industry,['Janne Kollenburg'],['W_NL'],225
226,How Game Balancing Affects Play: Player Adaptation in an Exergame for Children with Cerebral Palsy,"['Adrian L Jessup Schneider', 'Darcy Fehlings', 'TC Nicholas Graham']","['W_NL', 'W_NL', 'B_NL']",226
227,How May I Help You?: Modeling Twitter Customer ServiceConversations Using Fine-Grained Dialogue Acts,['Shereen Oraby'],['B_NL'],227
228,How Values Shape Collaboration Between Patients with Multiple Chronic Conditions and Spousal Caregivers,['Andrew Berry'],['W_NL'],228
229,How to Recommend?: User Trust Factors in Movie Recommender Systems,"['Shlomo Berkovsky', 'Dan Conway']","['A', 'B_NL']",229
230,I Need Your Encouragement!: Requesting Supportive Comments on Social Media Reduces Test Anxiety,"['Brian Bailey', 'Craig Zilles']","['W_NL', 'W_NL']",230
231,I've been manipulated!: Designing Second Screen Experiences for Critical Viewing of Reality TV,"['Gavin Wood', 'Julie Barnett', 'John Vines', 'Shaun Lawson']","['W_NL', 'W_NL', 'W_NL', 'W_NL']",231
232,I-SED: An Interactive Sound Event Detector,"['Bongjun Kim', 'Bryan Pardo']","['A', 'HL']",232
233,IconHK: Using Toolbar button Icons to Communicate Keyboard Shortcuts,['Fanny Chevalier'],['W_NL'],233
234,Identification and Classification of Usage Patterns in Long-Term Activity Tracking,['Wilko Heuten'],['W_NL'],234
235,Identifying Frequent User Tasks from Application Logs,['Himel Dev'],['A'],235
236,Identifying how Visually Impaired People Explore Raised-line Diagrams to Improve the Design of Touch Interfaces,['Bernard Oriola'],['W_NL'],236
237,If a person is emailing you it just doesn't make sense: Exploring Changing Consumer Behaviors in Email,"['Nediyana Daskalova', 'Nazanin Andalibi']","['HL', 'A']",237
238,IllumiPaper: Illuminated Interactive Paper,['Raimund Dachselt'],['W_NL'],238
239,Illumination Aesthetics: Light as a Creative Material within Computational Design,['Eric Paulos'],['W_NL'],239
240,Image-based Emotion Feedback: How Does the Crowd Feel? And Why?,"['David A Robb', 'Stefano Padilla', 'Thomas S Methven']","['W_NL', 'HL', 'W_NL']",240
241,Implications for Adoption,"['Paul Coulton', 'Miriam Sturdee']","['W_NL', 'W_NL']",241
242,Improving Dwell-Based Gaze Typing with Dynamic Cascading Dwell Times,['Jacob Wobbrock'],['W_NL'],242
243,Improving Gesture Recognition Accuracy on Touch Screens for Users with Low Vision,['RaduDaniel Vatavu'],['A'],243
244,In Harmony: Making a Wearable Musical Instrument as a Case Study of using Boundary Objects in an Interdisciplinary Collaborative Design Process,"['Clint Zeagler', 'Scott Gilliland']","['W_NL', 'W_NL']",244
245,Inferring Motion Direction using Commodity Wi-Fi for Interactive Exergames,['Yunhao Liu'],['A'],245
246,Inline Co-Evolution between Users and Information Presentation for Data Exploration,['Pierre De Loor'],['B_NL'],246
247,Intelligent Sensory Modality Selection for Electronic Supportive Devices,"['Kyle Kotowick', 'Julie Shah']","['B_NL', 'A']",247
248,Interaction Design for Rehabiliation,['Panos Markopoulos'],['HL'],248
249,Interaction Proxies for Runtime Repair and Enhancement of Mobile Application Accessibility,['Jacob Wobbrock'],['W_NL'],249
250,Interactive Elicitation of Knowledge on Feature Relevance Improves Predictions in Small Data Sets,"['Luana Micallef', 'Iiris Sundin', 'Tomi Peltola', 'Marta Soare', 'Giulio Jacucci', 'Samuel Kaski']","['A', 'A', 'A', 'HL', 'HL', 'B_NL']",250
251,Interactive Machine Learning via a GPU-accelerated Toolkit,['John Canny'],['B_NL'],251
252,Interactive Performance as a Means of Civic Dialogue,['Louise Barkhuus'],['W_NL'],252
253,Interactive Visual Calibration of Volumetric Head-Tracked 3D Displays,['Ian Stavness'],['W_NL'],253
254,Interdependent Wearables (for Play): A Strong Concept for Design,['Katherine Isbister'],['W_NL'],254
255,Interioractive: Smart Materials in the Hands of Designers and Architects for Designing Interactive Interiors,"['Sara Nabil', 'Thomas Ploetz', 'David Chatting', 'Dmitry Dereshev', 'Patrick Olivier']","['A', 'W_NL', 'W_NL', 'W_NL', 'B_NL']",255
256,Internet Search Roles of Adults in their Homes,['Leyla Norooz'],['W_NL'],256
257,Intersectional HCI: Engaging Identity through Gender Race and Class,"['Ari Schlesinger', 'Keith Edwards', 'Rebecca Grinter']","['W_NL', 'W_NL', 'W_NL']",257
258,Interview with Things: A First-thing Perspective to Understand the Scooter's Everyday Socio-material Network in Taiwan,"['Elisa Giaccardi', 'LinLin Chen']","['HL', 'A']",258
259,Investigating Cross-Device Interaction between a Handheld Device and a Large Display,"['Jeni Paay', 'Jesper Kjeldskov', 'Mikael Skov']","['A', 'W_NL', 'W_NL']",259
260,Investigating Tilt-based Gesture Keyboard Entry for Single-Handed Text Entry on Large Devices,"['Per Ola Kristensson', 'Aaron Quigley']","['W_NL', 'W_NL']",260
261,Investigating the Motivational Paths of Peer Production Newcomers,"['Coye Cheshire', 'Oded Nov']","['W_NL', 'A']",261
262,Involving Autistics in User Experience Studies: A Critical Review,"['Doa orlu', 'Asim Evren Yanta']","['A', 'A']",262
263,Is Difficulty Overrated?: The Effects of Choice Novelty and Suspense on Intrinsic Motivation in Educational Games,"['Nirmal Patel', 'Jodi Forlizzi']","['A', 'W_NL']",263
264,Is Two Enough?: ! Studying Benefits Barriers and Biases of Multi-Tablet Use for Collaborative Visualization,"['HansChristian Jetter', 'Harald Reiterer']","['W_NL', 'W_NL']",264
265,It wasn't really about the Pokémon: Parents' Perspectives on a Location-Based Mobile Game,"['Arpita Bhattacharya', 'Alexis Hiniker', 'Jin Ha Lee', 'Julie Kientz', 'Jason Yip']","['A', 'W_NL', 'A', 'W_NL', 'A']",265
266,It's a Bomb! -- Material Literacy and Narratives of Making,['Sophie Sydow'],['W_NL'],266
267,Jackknife: A Reliable Recognizer with Few Samples and Many Modalities,['Joseph LaViola'],['W_NL'],267
268,Kinecting with Orangutans: Zoo Visitors' Empathetic Responses to Animals? Use of Interactive Technology,['Frank Vetere'],['W_NL'],268
269,Label-and-Learn: Visualizing the Likelihood of Machine Learning Classifier's Success During Data Labeling,"['Edward Lank', 'Edward Lank', 'Michael Terry']","['B_NL', 'B_NL', 'W_NL']",269
270,Large-Scale User Perception of Synthetic Stroke Gestures,['Luis A Leiva'],['HL'],270
271,Learning to Rate Clinical Concepts Using Simulated Clinician Feedback,"['Mohammad R Alsulmi', 'Benjamin A Carterette']","['A', 'B_NL']",271
272,Left Them 4 Dead: Perception of Humans versus Non-Player Character Teammates in Cooperative Gameplay,"['Rina R Wehbe', 'Edward Lank', 'Lennart E Nacke']","['HL', 'B_NL', 'W_NL']",272
273,Lessons from Practice: Designing Tools to Facilitate Individualized Support for Quitting Smoking,"['Arpita Bhattacharya', 'Julie Kientz', 'Sean Munson']","['A', 'W_NL', 'W_NL']",273
274,Let's Get Physical: Promoting Data Physicalization in Workshop Formats,"['Samuel Huron', 'Uta Hinrichs', 'Trevor Hogan', 'Yvonne Jansen']","['HL', 'W_NL', 'B_NL', 'W_NL']",274
275,Let's Talk About X: Combining Image Recognition and Eye Gaze to Support Conversation for People with ALS,['Shaun K Kane'],['W_NL'],275
276,Leveraging Human Routine Models to Detect and Generate Human Behaviors,['Nikola Banovic'],['W_NL'],276
277,Live Physiological Sensing and Visualization Ecosystems: An Activity Theory Analysis,"['Tamara Clegg', 'Leyla Norooz', 'Angelisa Plane', 'Jason Yip', 'Jon Froehlich']","['W_NL', 'W_NL', 'W_NL', 'A', 'W_NL']",277
278,Living Apart Together: Cohousing as a Site for ICT Design,['Tom Jenkins'],['B_NL'],278
279,Localized Haptic Texture: A Rendering Technique based on Taxels for High Density Tactile Feedback,['Laurent Grisoni'],['W_NL'],279
280,Locating the Internet in the Parks of Havana,['Laura Pina'],['HL'],280
281,Locked or Not?: Mental Models of IoT Feature Interaction,['Lana Yarosh'],['W_NL'],281
282,Log it While it's Hot: Designing Human Interaction with Smart Thermostats for Shared Work Environments,['mc schraefel'],['W_NL'],282
283,Logue: Unitizing Interactive Fictions for Co-creation,['Ho Ryun Song'],['A'],283
284,Looking Coordinated: Bidirectional Gaze Mechanisms for Collaborative Interaction with Virtual Characters,['Michael Gleicher'],['W_NL'],284
285,LyriSys: An Interactive Support System for Writing Lyrics Based on Topic Transition,"['Yuichiroh Matsubayashi', 'Kentaro Inui']","['A', 'A']",285
286,Machine Learning for Makers: Interactive Sensor Data Classification Based on Augmented Code Examples,"['David A Mellis', 'Bjrn Hartmann']","['W_NL', 'W_NL']",286
287,MagicFace: Stepping into Character through an Augmented Reality Mirror,['Ana Javornik'],['W_NL'],287
288,MakerWear: A Tangible Approach to Interactive Wearable Creation for Children,"['Liang He', 'Jon Froehlich']","['A', 'W_NL']",288
289,Making Ritual Machines: The Mobile Phone as a Networked Material for Research Products,"['David Kirk', 'Abigail Durrant', 'Chris Elsden', 'JoAnne Bichard']","['W_NL', 'W_NL', 'W_NL', 'W_NL']",289
290,Making Sense of Sleep Sensors: How Sleep Sensing Technologies Support and Undermine Sleep Health,"['Julie Kientz', 'Laura Pina']","['W_NL', 'HL']",290
291,Managing Uncertainty in Time Expressions for Virtual Assistants,['Xin Rong'],['A'],291
292,Managing Uncertainty: Using Social Media for Risk Assessment during a Public Health Crisis,"['Xinning Gui', 'Yubo Kou']","['A', 'A']",292
293,Manifesting the Cyborg through Techno-Body Modification: From Human-Computer Interaction to Integration,['Bryan Semaan'],['W_NL'],293
294,Market Design for HCI: Successes and Failures of Peer-to-Peer Exchange Platforms,['Airi Lampinen'],['A'],294
295,Measuring Self-Esteem with Games,"['Carlos Pereira Santos', 'VassilisJaved Khan', 'Panos Markopoulos']","['HL', 'A', 'HL']",295
296,Memory in Motion: The Influence of Gesture- and Touch-Based Input Modalities on Spatial Memory,"['Johannes Zagermann', 'Harald Reiterer']","['W_NL', 'W_NL']",296
297,Micro-Versioning Tool to Support Experimentation in Exploratory Programming,['Daisuke Sakamoto'],['A'],297
298,Mindfulness and Technology: Traces of A Middle Way,['Yoko Akama'],['A'],298
299,Misrepresentation of Health Research in Exertion Games Literature,['Conor Linehan'],['W_NL'],299
300,Modeling Sub-Document Attention Using Viewport Time,"['Yoav Artzi', 'Mor Naaman']","['W_NL', 'A']",300
301,Modelling Learning of New Keyboard Layouts,['Jussi Jokinen'],['W_NL'],301
302,Monster Appetite: Effects of Subversive Framing on Nutritional Choices in a Digital Game Environment,"['Maria Hwang', 'Lena Mamykina']","['A', 'A']",302
303,Morse Things: A Design Inquiry into the Gap Between Things and Us,"['Ron Wakkary', 'Doenja Oogjes', 'Sabrina Hauser', 'Henry Lin']","['W_NL', 'W_NL', 'W_NL', 'A']",303
304,Mouse Tactile and Tangible Input for 3D Manipulation,"['Lonni Besanon', 'Mehdi Ammi']","['W_NL', 'A']",304
305,MoveMeant: Anonymously Building Community Through Shared Location Histories,['Mor Naaman'],['A'],305
306,Multi-faceted Index driven Navigation for Educational Videos in Mobile Phones,['Abhishek Kumar'],['A'],306
307,MyEyes: The Design and Evaluation of First Person View Video Streaming for Long-Distance Couples,"['Rui Pan', 'Bernhard E Riecke', 'Emily Cramer', 'Carman Neustaedter']","['A', 'W_NL', 'W_NL', 'W_NL']",307
308,MyriadHub: Efficiently Scaling Personalized Email Conversations with Valet Crowdsourcing,['Michael Bernstein'],['W_NL'],308
309,Narratives in Crowdsourced Evaluation of Visualizations: A Double-Edged Sword?,['Anastasia Bezerianos'],['HL'],309
310,Navigating Media Use: Chinese Parents and Their Overseas Adolescent Children on WeChat,"['Rui Zhou', 'Betsy DiSalvo']","['A', 'W_NL']",310
311,Negative Relevance Feedback for Exploratory Search with Visual Interactive Intent Modeling,"['Jaakko Peltonen', 'Jaakko Peltonen', 'Jonathan Strahl', 'Patrik Floren']","['A', 'A', 'B_NL', 'A']",311
312,No Such Thing as Too Much Chocolate: Evidence Against Choice Overload in E-Commerce,['Sarita Schoenebeck'],['A'],312
313,Not another Z piece!: Adaptive Difficulty in TETRIS,"['Sven Bertel', 'Fares Kayali']","['W_NL', 'A']",313
314,Novelty Learning via Collaborative Proximity Filtering,"['Arun Kumar', 'Paul Schrater']","['A', 'W_NL']",314
315,On Speculative Enactments,"['Chris Elsden', 'Abigail Durrant', 'Bettina Nissen', 'John Vines', 'David Kirk']","['W_NL', 'W_NL', 'W_NL', 'W_NL', 'W_NL']",315
316,Once More With Feeling: Expressing Emotional Intensity in Touchscreen Gestures,"['Joseph Malloch', 'Derek Reilly']","['B_NL', 'W_NL']",316
317,Online Feedback Exchange: A Framework for Understanding the Socio-Psychological Factors,"['Eureka Foong', 'Brian Bailey', 'Elizabeth Gerber']","['A', 'W_NL', 'W_NL']",317
318,Opportunities and Design Considerations for Peer Support in a Hospital Setting,['Wanda Pratt'],['W_NL'],318
319,OptiDwell: Intelligent Adjustment of Dwell Click Time,"['Utkarsh Dwivedi', 'Karan Ahuja']","['A', 'A']",319
320,Ori-mandu: Korean Dumpling into Whatever Shape You Want,['Jiwoo Hong'],['A'],320
321,PFIS-V: Modeling Foraging Behavior in the Presence of Variants,"['Bhargav Pandya', 'Sandeep Kuttal', 'Margaret Burnett']","['A', 'A', 'W_NL']",321
322,Parents? and Children?s Preferences about Parents Sharing about Children on Social Media,['Sarita Schoenebeck'],['A'],322
323,Participatory Design to Address Stigma with Adolescents with Type 1 Diabetes,['Gillian M McCarthy'],['W_NL'],323
324,Participatory Evaluation with Autistic Children,['Judith Good'],['W_NL'],324
325,PathViewer: Visualizing Pathways through Student Data,['Yiting Wang'],['A'],325
326,Pause: A Multi-lifespan Design Mechanism,['Batya Friedman'],['W_NL'],326
327,People Are Either Too Fake or Too Real: Opportunities and Challenges in Tie-Based Anonymity,"['Nazanin Andalibi', 'Louise Barkhuus', 'Mor Naaman']","['A', 'W_NL', 'A']",327
328,Performing Research: Four Contributions to HCI,"['Brendan Walker', 'Bettina Nissen', 'Peter Wright']","['W_NL', 'W_NL', 'W_NL']",328
329,PersaLog: Personalization of News Article Content,['Eytan Adar'],['W_NL'],329
330,Photo Privacy Conflicts in Social Media: A Large-scale Empirical Study,"['Jose Such', 'Adam Joinson']","['HL', 'W_NL']",330
331,Pineal: Bringing Passive Objects to Life with Embedded Mobile Devices,"['Lora Oehlberg', 'Saul Greenberg']","['W_NL', 'W_NL']",331
332,Placing and Recalling Virtual Items on the Skin,['Sebastian Boring'],['W_NL'],332
333,Playing Fast and Loose with Music Recognition,"['Chris Greenhalgh', 'Alan Chamberlain']","['W_NL', 'W_NL']",333
334,PolySurface: A Design Approach for Rapid Prototyping of Shape-Changing Displays Using Semi-Solid Surfaces,"['Aluna Everitt', 'Jason Alexander']","['B_NL', 'W_NL']",334
335,Post-userism,['Jed Brubaker'],['W_NL'],335
336,Pressure-Based Gain Factor Control for Mobile 3D Interaction using Locally-Coupled Devices,"['Lonni Besanon', 'Mehdi Ammi']","['W_NL', 'A']",336
337,Priming Drivers before Handover in Semi-Autonomous Cars,['Christian Janssen'],['W_NL'],337
338,Printflatables: Printing Human-Scale Functional and Dynamic Inflatable Objects,['Pattie Maes'],['W_NL'],338
339,Privacy Security and Surveillance in the Global South: A Study of Biometric Mobile SIM Registration in Bangladesh,"['Md Haque', 'Shion Guha']","['A', 'A']",339
340,ProCom: Designing and Evaluating a Mobile and Wearable System to Support Proximity Awareness for People with Autism,"['LouAnne Boyd', 'Gillian Hayes']","['W_NL', 'W_NL']",340
341,Products as Agents: Metaphors for Designing the Products of the IoT Age,['Elisa Giaccardi'],['HL'],341
342,Proof in the Pudding: Designing IoT Plants to Promote Wellbeing,"['Sarah Martindale', 'Robert Phillips']","['W_NL', 'W_NL']",342
343,Prototyping Ubiquitous Imaging Surfaces,"['Kyle Montague', 'Daniel Jackson', 'Tom Bartindale', 'Gerard Wilkinson', 'Patrick Olivier', 'Otmar Hilliges', 'Thomas Ploetz']","['W_NL', 'B_NL', 'A', 'W_NL', 'B_NL', 'B_NL', 'W_NL']",343
344,Providing Haptics to Walls & Heavy Objects in Virtual Reality by Means of Electrical Muscle Stimulation,"['LungPan Cheng', 'Patrick Baudisch']","['A', 'W_NL']",344
345,Proxemic Transitions: Designing Shape-Changing Furniture for Informal Meetings,"['Marianne Petersen', 'Peter Krogh']","['W_NL', 'W_NL']",345
346,Pupillometry and Head Distance to the Screen to Predict Skill Acquisition During Information Visualization Tasks,"['Sabastien Lall', 'Cristina Conati']","['A', 'A']",346
347,Quantifying Aversion to Costly Typing Errors in Expert Mobile Text Entry,['Nikola Banovic'],['W_NL'],347
348,Quantifying Sources and Types of Smartwatch Usage Sessions,"['Aku Visuri', 'Zhanna Sarsenbayeva', 'Vassilis Kostakos', 'Denzil Ferreira']","['A', 'A', 'W_NL', 'HL']",348
349,Quantifying the Body and Caring for the Mind: Self-Tracking in Multiple Sclerosis,['Anna Cox'],['W_NL'],349
350,QuickReview: A Novel Data-Driven Mobile User Interface for Reporting Problematic App Features,"['Sherlock A Licorish', 'Bastin Tony Roy Savarimuthu', 'Tobias Langlotz']","['A', 'A', 'B_NL']",350
351,Quietto: An Interactive Timepiece Molded in Concrete and Milled Wood,['YoungWoo Park'],['A'],351
352,ReTool: Interactive Microtask and Workflow Design through Demonstration,['Shengdong Zhao'],['A'],352
353,Real-Fictional Entanglements: Using Science Fiction and Design Fiction to Interrogate Sensing Technologies,"['Richmond Y Wong', 'James Pierce']","['A', 'W_NL']",353
354,Reappropriating Hackathons: The Production Work of the CHI4Good Day of Service,"['Chris Bopp', 'Elizabeth Gerber']","['W_NL', 'W_NL']",354
355,Recognition of Text and Shapes on a Large-Sized Head-Up Display,"['Daniel Buschek', 'Andreas Butz']","['W_NL', 'W_NL']",355
356,Reef: Exploring the Design Opportunity of Comfort-Aware Eco-Coaching Thermostats,"['ChuanChe Jeff Huang', 'Mark W Newman']","['A', 'W_NL']",356
357,Reflective Informatics Through Family Storytelling: Self-discovering Physical Activity Predictors,['Andrea Parker'],['B_NL'],357
358,Reflective Practicum: A Framework of Sensitising Concepts to Design for Transformative Reflection,['Geraldine Fitzpatrick'],['W_NL'],358
359,Remote Collaboration With Mixed Reality Displays: How Shared Virtual Landmarks Facilitate Spatial Referencing,['Harald Reiterer'],['W_NL'],359
360,Replicating an In-The-Wild Study One Year Later: Comparing Prototypes with Different Material Dimensions,['Andrew Vande Moere'],['W_NL'],360
361,Responsive Action-based Video Synthesis,"['Neill Campbell', 'Gabriel Brostow']","['W_NL', 'W_NL']",361
362,Retargeting Video Tutorials Showing Tools With Surface Contact to Augmented Reality,"['Markus Tatzgern', 'Denis Kalkofen']","['W_NL', 'W_NL']",362
363,Reviewing the Big Questions Literature : or Should HCI Have Big Questions?,"['Jordan Beck', 'Erik Stolterman']","['W_NL', 'W_NL']",363
364,Revisiting The American Voter on Twitter,['Zubair Shafiq'],['A'],364
365,Revolt: Collaborative Crowdsourcing for Labeling Machine Learning Datasets,['Joseph Chee Chang'],['A'],365
366,Reworking the Gaps between Design and Ethnography,"['Phoebe Sengers', 'Melissa Mazmanian']","['W_NL', 'W_NL']",366
367,Robotic Table and Bench Enhance Mirror Type Social Telepresence,['Hideyuki Nakanishi'],['A'],367
368,SIRUP: Serendipity In Recommendations via User Perceptions,"['Valentina Maccatrozzo', 'Guus Schreiber']","['HL', 'W_NL']",368
369,SUGILITE: Creating Multimodal Smartphone Automation by Demonstration,"['Toby Li', 'Brad Myers']","['A', 'W_NL']",369
370,Scalable Annotation of Fine-Grained Categories Without Experts,['Li FeiFei'],['A'],370
371,Scaling Reflection Prompts in Large Classrooms via Mobile Interfaces and Natural Language Processing,"['Xiangmin Fan', 'Wencan Luo', 'Muhsin Menekse', 'Diane Litman']","['A', 'A', 'A', 'B_NL']",371
372,Scratch Community Blocks: Supporting Children as Data Scientists,"['Sayamindu Dasgupta', 'Benjamin Mako Hill']","['A', 'W_NL']",372
373,Seeing Sensing and Recognizing Laban Movement Qualities,"['Sarah Alaoui', 'Thecla Schiphorst']","['W_NL', 'W_NL']",373
374,Self Harmony: Rethinking Hackathons to Design and Critique Digital Technologies for Those Affected by Self-Harm,['Shaun Lawson'],['W_NL'],374
375,Self-Confidence Trumps Knowledge: A Cross-Cultural Study of Security Behavior,['Nicolas Christin'],['W_NL'],375
376,Sensitizing Concepts for Socio-spatial Literacy in HCI,"['Peter Krogh', 'Marianne Petersen', 'Jens Emil Groenbaek']","['W_NL', 'W_NL', 'W_NL']",376
377,Session-Based Recommendations Using Item Embedding,"['Asnat GreensteinMessica', 'Lior Rokach']","['A', 'W_NL']",377
378,Share First Save Later: Performance of Self through Snapchat Stories,"['Sarah McRoberts', 'Svetlana Yarosh']","['W_NL', 'W_NL']",378
379,ShareVR: Enabling Co-Located Experiences for Virtual Reality between HMD and Non-HMD Users,['Jan Gugenheimer'],['W_NL'],379
380,Shift+Tap or Tap+LongPress?: The Upper Bound of Typing Speed on InScript,['Shashank Ahire'],['A'],380
381,Showing Objects: Holding and Manipulating Artefacts in Video-mediated Collaborative Settings,['Hideaki Kuzuoka'],['A'],381
382,Showing People Behind Data: Does Anthropomorphizing Visualizations Elicit More Empathy for Human Rights Data?,"['Margaret Satterthwaite', 'Oded Nov']","['W_NL', 'A']",382
383,Situated Anonymity: Impacts of Anonymity Ephemerality and Hyper-Locality on Social Media,"['Ari Schlesinger', 'Keith Edwards', 'Rebecca Grinter']","['W_NL', 'W_NL', 'W_NL']",383
384,Situated Dissemination through an HCI Workplace,"['Rachel Clarke', 'David Kirk']","['W_NL', 'W_NL']",384
385,Situating Wearables: Smartwatch Use in Context,['Airi Lampinen'],['A'],385
386,Situational When: Designing for Time Across Cultures,"['Paul Roe', 'Margot Brereton']","['W_NL', 'W_NL']",386
387,Sketching CuddleBits: Coupled Prototyping of Body and Behaviour for an Affective Robot Pet,"['Paul Bucci', 'Merel Jung', 'Jussi Rantala', 'Karon MacLean']","['W_NL', 'A', 'HL', 'W_NL']",387
388,SkinMarks: Enabling Interactions on Body Landmarks Using Conformal Skin Electronics,['Jrgen Steimle'],['W_NL'],388
389,SoPhy: A Wearable Technology for Lower Limb Assessment in Video Consultations of Physiotherapy,"['Frank Vetere', 'Mark Bradford']","['W_NL', 'W_NL']",389
390,Social Intelligence Modeling using Wearable Devices,['Alaeddine Mihoub'],['A'],390
391,Soil Rock and Snow: On Designing for Information Sharing in Outdoor Sports,"['Pawel W Wozniak', 'Anton Fedosov', 'Eleonora Mencarini', 'Kristina Knaving']","['W_NL', 'W_NL', 'HL', 'W_NL']",391
392,Sparse Haptic Proxy: Touch Feedback in Virtual Environments Using a General Passive Prop,['LungPan Cheng'],['A'],392
393,Squeezeback: Pneumatic Compression for Notifications,['Michael Rohs'],['W_NL'],393
394,Starting Online Communities: Motivations and Goals of Wiki Founders,"['Jeremy Foote', 'Darren Gergle', 'Aaron Shaw']","['W_NL', 'W_NL', 'W_NL']",394
395,Stories from Survivors: Privacy & Security Practices when Coping with Intimate Partner Abuse,"['Tara Matthews', 'Jill Palzkill Woelfer']","['W_NL', 'W_NL']",395
396,StressTree: A Metaphorical Visualization for Biofeedback-assisted Stress Management,"['Bin Yu', 'Mathias Funk', 'Jun Hu', 'Loe Feijs']","['A', 'W_NL', 'A', 'W_NL']",396
397,StretchEBand: Enabling Fabric-based Interactions through Rapid Fabrication of Textile Stretch Sensors,['Anita Vogl'],['W_NL'],397
398,Stretching the Bounds of 3D Printing with Embedded Textiles,"['Michael Rivera', 'Daniel Ashbrook', 'Scott Hudson']","['HL', 'W_NL', 'W_NL']",398
399,Structured Input Improves Usability and Precision for Solving Geometry-based Algebraic Problems,"['Joseph LaViola', 'Pamela Wisniewski']","['W_NL', 'W_NL']",399
400,Subtle and Personal Workspace Requirements for Visual Search Tasks on Public Displays,['James Wallace'],['W_NL'],400
401,Successful Leisure in Independent Living Communities: Understanding Older Adults' Motivations to Engage in Leisure Activities,['Amanda Lazar'],['W_NL'],401
402,Supporting Cultural Heritage Professionals Adopting and Shaping Interactive Technologies in Museums,"['Gabriela Avram', 'Luigina Ciolfi']","['HL', 'W_NL']",402
403,Supporting Cultures of Making: Technology Policy Visions and Myths,['Shaowen Bardzell'],['A'],403
404,Supporting Everyday Function in Chronic Pain Using Wearable Technology,['Nadia BianchiBerthouze'],['W_NL'],404
405,Supporting Making Fixations and the Effect on Gaze Gesture Performance,['Howell Istance'],['W_NL'],405
406,Supporting People with Dementia in Digital Social Sharing,['Amanda Lazar'],['W_NL'],406
407,Supporting Self-Care of Adolescents with Nut Allergy Through Video and Mobile Educational Tools,"['John Vines', 'Selina Sutton', 'David Green', 'Madeline Balaam']","['W_NL', 'W_NL', 'W_NL', 'W_NL']",407
408,Supporting the Self-Management of Chronic Pain Conditions with Tailored Momentary Self-Assessments,['Geri Gay'],['W_NL'],408
409,Supporting the Use of User Generated Content in Journalistic Practice,"['Peter Tolmie', 'Christian Burger', 'Arkaitz Zubiaga']","['W_NL', 'W_NL', 'HL']",409
410,SupportingTrust in Autonomous Driving,"['Bastian Pfleging', 'Andreas Butz']","['A', 'W_NL']",410
411,Synthesizing Stroke Gestures Across User Populations: A Case for Users with Visual Impairments,['RaduDaniel Vatavu'],['A'],411
412,Synthetic Sensors: Towards General-Purpose Sensing,['Chris Harrison'],['W_NL'],412
413,TASC: Combining Virtual Reality with Tangible and Embodied Interactions to Support Spatial Cognition,"['Jack ShenKuen Chang', 'Michael Nitsche', 'Timothy Welsh']","['A', 'W_NL', 'W_NL']",413
414,TagRefinery: A Visual Tool for Tag Wrangling,['Mohsen Kamalzadeh'],['A'],414
415,Tangible VR: Diegetic Tangible Objects for Virtual Reality Narratives,['Aneesh P Tarun'],['A'],415
416,Tap the: A Design-Based Inquiry into Issue Advocacy and Digital Civics,['Christopher Dantec'],['W_NL'],416
417,Teaching Programming with Gamified Semantics,['Andrew Myers'],['W_NL'],417
418,Technology Individuation: The Foibles of Augmented Everyday Objects,"['Aloha Ambe', 'Margot Brereton', 'Paul Roe']","['A', 'W_NL', 'W_NL']",418
419,Testing Incremental Difficulty Design in Platformer Games,['Lennart Nacke'],['W_NL'],419
420,The Autobiographical Design and Long Term Usage of an Always-On Video Recording System for the Home,"['Yasamin Heshmat', 'Carman Neustaedter']","['A', 'W_NL']",420
421,The Challenges of Visual-Kinaesthetic Experience,"['Joe Marshall', 'Brendan Walker', 'Steve Benford']","['B_NL', 'W_NL', 'B_NL']",421
422,The Design Fictions of Philanthropic IT: Stuck Between an Imperfect Present and an Impossible Future,"['Ellie Harmon', 'Chris Bopp']","['W_NL', 'W_NL']",422
423,The Distaff: A Physical Interface to Facilitate Interdisciplinary Collaborative Performance,['Anna Weisling'],['W_NL'],423
424,The Effect of Population and,['Brent Hecht'],['W_NL'],424
425,The Evolution of a Scale Model as an Impromptu Design Tool,"['Doroth Smit', 'Martin Murer', 'Thomas Grah', 'Manfred Tscheligi']","['W_NL', 'W_NL', 'W_NL', 'W_NL']",425
426,The Geography of Pokémon GO: Beneficial and Problematic Effects on Places and Movement,"['Ashley Colley', 'Jonna Hakkila', 'Nina Wenig', 'Brent Hecht']","['W_NL', 'W_NL', 'A', 'W_NL']",426
427,The Heat is On: A Temperature Display for Conveying Affective Feedback,['Jordan Tewell'],['W_NL'],427
428,The Impact of a Narrative Design Strategy for Information Visualization on a Public Display,['Andrew Vande Moere'],['W_NL'],428
429,The Influence of Personality Traits and Cognitive Load on the Use of Adaptive User Interfaces,['Krzysztof Z Gajos'],['W_NL'],429
430,The Meaning of Place in Supporting Sociality,"['Kate Howland', 'David A Harley']","['W_NL', 'W_NL']",430
431,The Moving Context Kit: Designing for Context Shifts in Multi-Device Experiences,['Jeffrey Nichols'],['W_NL'],431
432,The Pokémon GO Experience: A Location-Based Augmented Reality Mobile Game Goes Mainstream,['Hannu Korhonen'],['A'],432
433,The Rise of Bots: A Survey of Conversational Interfaces Patterns and Paradigms,['Lorenz Cuno Klopfenstein'],['A'],433
434,The Role of Explanations in Casual Observational Learning about Nutrition,"['Marissa Burgermaster', 'Lena Mamykina']","['W_NL', 'A']",434
435,The Rough Mile: Testing a Framework of Immersive Practice,"['Jocelyn Spence', 'Adrian Hazzard', 'Sean McGrath', 'Chris Greenhalgh', 'Steve Benford']","['B_NL', 'B_NL', 'W_NL', 'W_NL', 'B_NL']",435
436,The Trials and Tribulations of Working with Structured Data: -a Study on Information Seeking Behaviour,['Elena Simperl'],['W_NL'],436
437,The UX of Avatar Customization,['Victoria McArthur'],['W_NL'],437
438,The Visual and Beyond: Characterizing Experiences with Auditory Haptic and Visual Data Representations,"['Trevor Hogan', 'Uta Hinrichs', 'Eva Hornecker']","['B_NL', 'W_NL', 'W_NL']",438
439,Theory-Driven Collocated CMC: A Study of Collocated Mediated Interaction as a Public Sphere,['Bryan Semaan'],['W_NL'],439
440,ThermoVR: Exploring Integrated Thermal Haptic Feedback with Head Mounted Displays,"['Roshan Peiris', 'Kouta Minamizawa']","['A', 'A']",440
441,These are not my hands!: Effect of Gender on the Perception of Avatar Hands in Virtual Reality,['Cagri Tasci'],['W_NL'],441
442,They're Just Tixel Pits Man: Disputing the 'Reality' of Virtual Reality Pornography through the Story Completion Method,"['Gavin Wood', 'Madeline Balaam']","['W_NL', 'W_NL']",442
443,Thin Grey Lines: Confrontations With Risk on Colorado's Front Range,['Leah Sprain'],['W_NL'],443
444,ThirdEye: Simple Add-on Display to Represent Remote Participant's Gaze Direction in Video Communication,['Hideaki Kuzuoka'],['A'],444
445,Thoughts and Tools for Crafting Colors: Implications from Designers' Behavior,"['EunJin Kim', 'HyeonJeong Suk']","['A', 'A']",445
446,Thumb + Pen Interaction on Tablets,['Ken Pfeuffer'],['W_NL'],446
447,Thumprint: Socially-Inclusive Local Group Authentication Through Shared Secret Knocks,['Chris Harrison'],['W_NL'],447
448,Tiles: A Card-based Ideation Toolkit for the Internet of Things,"['Simone Mora', 'Francesco Gianni', 'Monica Divitini']","['HL', 'W_NL', 'HL']",448
449,Topic-Relevance Map: Visualization for Improving Search Result Comprehension,"['Jaakko Peltonen', 'Jaakko Peltonen', 'Kseniia Belorustceva', 'Tuukka Ruotsalo']","['A', 'A', 'HL', 'A']",449
450,TopoGroups: Context-Preserving Visual Illustration of Multi-Scale Spatial Aggregates,"['Niklas Elmqvist', 'David Ebert']","['W_NL', 'W_NL']",450
451,Touchomatic: Interpersonal Touch Gaming In The Wild,['Joe Marshall'],['B_NL'],451
452,Toward Harmonizing Self-reported and Logged Social Data for Understanding Human Behavior,['Arushi Jain'],['A'],452
453,Toward Usable Evidence: Optimizing Knowledge Accumulation in HCI Research on Health Behavior Change,['Predrag Klasnja'],['A'],453
454,Towards Automating Data Narratives,"['Yolanda Gil', 'Daniel Garijo']","['HL', 'HL']",454
455,Towards Commoditised Near Infrared Spectroscopy,"['Jorge Goncalves', 'Niels van Berkel', 'Chu Luo', 'Simo Hosio', 'Vassilis Kostakos']","['HL', 'W_NL', 'A', 'A', 'W_NL']",455
456,Towards Fine-Grained Adaptation of Exploration/Exploitation in Information Retrieval,"['Alan Medlar', 'Dorota Glowacka']","['W_NL', 'W_NL']",456
457,Towards Future Interactive Intelligent Systems for Animals: Study and Recognition of Embodied Interactions,"['Patricia Pons', 'Javier Jaen', 'Alejandro Catala']","['A', 'A', 'HL']",457
458,Towards Personality-driven Persuasive Health Games and Gamified Systems,['Lennart Nacke'],['W_NL'],458
459,Towards Personalized Visualization: Information Granularity Situation and Personality,"['Nels Oscar', 'Shannon Meja', 'Ronald Metoyer']","['HL', 'HL', 'B_NL']",459
460,Towards Understanding Human Mistakes of Programming by Example: An Online User Study,['Benjamin B Bederson'],['B_NL'],460
461,Toys that Listen: A Study of Parents Children and Internet-Connected Toys,['Franziska Roesner'],['W_NL'],461
462,Transitions in Digital Personhood: Online Activity in Early Retirement,"['Abigail Durrant', 'David Kirk', 'Wendy Moncur', 'Kathryn Orzech', 'Chris Elsden', 'Andrew Monk']","['W_NL', 'W_NL', 'B_NL', 'W_NL', 'W_NL', 'W_NL']",462
463,Translating Texture: Design as Integration,"['Daniel Carter', 'Julia Bullard']","['W_NL', 'B_NL']",463
464,Translational Resources: Reducing the Gap Between Academic Research and HCI Practice,"['Lucas Colusso', 'Cynthia L Bennett', 'Gary Hsieh', 'Sean A Munson']","['HL', 'B_NL', 'A', 'W_NL']",464
465,Traversing Boundaries: Understanding the Experiences of Ageing Saudis,['Tuck Wah Leong'],['A'],465
466,TrussFab: Fabricating Sturdy Large-Scale Structures on Desktop 3D Printers,"['Robert Kovacs', 'Patrick Baudisch']","['W_NL', 'W_NL']",466
467,TummyTrials: A Feasibility Study of Using Self-Experimentation to Detect Individualized Food Triggers,"['Daniel Epstein', 'Laura Pina', 'Julie Kientz', 'Sean Munson']","['W_NL', 'HL', 'W_NL', 'W_NL']",467
468,Turbulent Touch: Touchscreen Input for Cockpit Flight Displays,"['Philippe Palanque', 'Karon MacLean']","['A', 'W_NL']",468
469,Turned On / Turned Off: Speculating on the Microchip-based Contraceptive Implant,['Sarah Homewood'],['W_NL'],469
470,UI X-Ray: Interactive Mobile UI Testing Based on Computer Vision,['Yong Wang'],['A'],470
471,UX Design Innovation: Challenges for Working with Machine Learning as a Design Material,"['Jodi Forlizzi', 'John Zimmerman']","['W_NL', 'W_NL']",471
472,Ubiquitous Accessibility for People with Visual Impairments: Are We There Yet?,"['Donald Porter', 'IV Ramakrishnan']","['W_NL', 'A']",472
473,Understanding Blind People's Experiences with Computer-Generated Captions of Social Media Images,['Cynthia Bennett'],['W_NL'],473
474,Understanding Concept Maps: A Closer Look at How People Organise Ideas,['Stefano Padilla'],['HL'],474
475,Understanding Creativity Methods in Design,['Peter Dalsgaard'],['W_NL'],475
476,Understanding Emotional Responses to Mobile Video Advertisements via Physiological Signal Sensing and Facial Expression Analysis,['Phuong Pham'],['A'],476
477,Understanding Gaming Perceptions and Experiences in a Women's College Community,['Lauren Westendorf'],['W_NL'],477
478,Understanding Grip Shifts: How Form Factors Impact Hand Movements on Mobile Phones,['Anne Roudaut'],['W_NL'],478
479,Understanding Public Evaluation: Quantifying Experimenter Intervention,"['Julie Williamson', 'John Williamson']","['W_NL', 'W_NL']",479
480,Understanding Shoulder Surfing in the Wild: Stories from Users and Observers,['Heinrich Hussmann'],['W_NL'],480
481,Understanding Uncertainty in Measurement and Accommodating its Impact in 3D Modeling and Printing,"['Jeeeun Kim', 'Anhong Guo', 'Tom Yeh', 'Scott E Hudson', 'Jennifer Mankoff']","['A', 'A', 'A', 'W_NL', 'W_NL']",481
482,Understanding Volunteer AT Fabricators: Opportunities and Challenges in DIY-AT for Others in e-NABLE,['Daniel Ashbrook'],['W_NL'],482
483,Understanding the Cost of Driving Trips,['Cheng Zhang'],['A'],483
484,Understanding the Effects of Endorsements in Scientific Crowdfunding,"['Sanorita Dey', 'WaiTat Fu']","['A', 'A']",484
485,"Understanding the Role Fluidity of Stakeholders During Assistive Technology Research ""In the Wild""","['LouAnne Boyd', 'Kyle Rector', 'Annuska Zolyomi', 'Gillian Hayes']","['W_NL', 'W_NL', 'A', 'W_NL']",485
486,Understanding: A Systematic Study of Catastrophic Incidents Associated with Personal Navigation Technologies,['Brent Hecht'],['W_NL'],486
487,Untangling the Relationship Between Spatial Skills Game Features and Gender in a Video Game,"['Helen Wauck', 'Ziang Xiao', 'PoTsung Chiu', 'WaiTat Fu']","['B_NL', 'A', 'A', 'A']",487
488,Use of Haptic Feedback to Train Correct Application of Force in Endodontic Surgery,"['Myat Su Yin', 'Peter Haddawy', 'Siriwan Suebnukarn', 'Holger Schultheis', 'Phattanapon Rhienmora']","['A', 'B_NL', 'A', 'W_NL', 'A']",488
489,User Interactions and Permission Use on Android,['Michelle Mazurek'],['W_NL'],489
490,User Trust Dynamics: An Investigation Driven by Differences in System Performance,"['Kun Yu', 'Shlomo Berkovsky', 'Dan Conway', 'Jianlong Zhou', 'Fang Chen']","['A', 'A', 'B_NL', 'A', 'A']",490
491,Using Advisory 3D Sound Cues to Improve Drivers' Performance and Situation Awareness,"['MinJuan Wang', 'Palle Dahlstedt']","['A', 'W_NL']",491
492,Utilizing Experience Goals in Design of Industrial Systems,"['Tomi Heimonen', 'Jussi Jokinen', 'Jaakko Hakulinen', 'Markku Turunen']","['W_NL', 'W_NL', 'A', 'A']",492
493,Utilizing Human Cognitive and Emotional Factors for User-Centered Computing,['George Samaras'],['B_NL'],493
494,Utilizing Smartphones as a Multi-Device Single Display Groupware to Design Collaborative Games,['Woohun Lee'],['A'],494
495,VITA: Towards Supporting Volunteer Interactions with Long-Term Care Residents with Dementia,['Shengdong Zhao'],['A'],495
496,Variolite: Supporting Exploratory Programming by Data Scientists,['Brad Myers'],['W_NL'],496
497,Video Prototyping for Interaction Design Across Multiple Displays in the Commercial Flight Deck,"['Axel Roesler', 'Erin Murphy']","['W_NL', 'W_NL']",497
498,Visual Composition of Graphical Elements on Non-Rectangular Displays,['Anne Roudaut'],['W_NL'],498
499,Visualization Literacy at Elementary School,['Fanny Chevalier'],['W_NL'],499
500,Voodle: Vocal Doodling to Sketch Affective Robot Motion,"['David Marino', 'Paul Bucci', 'Oliver S Schneider']","['W_NL', 'W_NL', 'W_NL']",500
501,VoxPL: Programming with the Wisdom of the Crowd,['Emery Berger'],['W_NL'],501
502,Voyager 2: Augmenting Visual Analysis with Partial View Specifications,['Zening Qu'],['A'],502
503,WAVES: A Wearable Asymmetric Vibration Excitation System for Presenting Three-Dimensional Translation and Rotation Cues,['Michael Raitor'],['W_NL'],503
504,Was my message read?: Privacy and Signaling on Facebook Messenger,"['Roberto Hoyle', 'Apu Kapadia']","['HL', 'A']",504
505,WatchSense: On- and Above-Skin Input Sensing through a Wearable Depth Sensor,"['Srinath Sridhar', 'Christian Theobalt', 'Sebastian Boring']","['A', 'W_NL', 'W_NL']",505
506,WatchThru: Expanding Smartwatch Displays with Mid-air Visuals and Wrist-worn Augmented Reality,['Rainer Malaka'],['W_NL'],506
507,WeBuild: Automatically Distributing Assembly Tasks Among Collocated Workers to Improve Coordination,['Ailie Fraser'],['W_NL'],507
508,Wear.x: Developing Wearables that Embody Felt Experience,['Danielle Wilde'],['W_NL'],508
509,Web Screen Reading Automation Assistance Using Semantic Abstraction,"['Vikas Ashok', 'Yevgen Borodin', 'IV Ramakrishnan']","['A', 'A', 'A']",509
510,What Can Be Predicted from Six Seconds of Driver Glances?,"['Sean Seaman', 'Bruce Mehler']","['W_NL', 'W_NL']",510
511,What Can Self-Reports and Acoustic Data Analyses on Emotions Tell Us?,['Effie LaiChong Law'],['A'],511
512,What Do We Really Know about How Habituation to Warnings Occurs Over Time?: A Longitudinal fMRI Study of Habituation and Polymorphic Warnings,"['Anthony Vance', 'Brock Kirwan', 'Bonnie Anderson']","['W_NL', 'W_NL', 'W_NL']",512
513,What Happens to Digital Feedback?: Studying the Use of a Feedback Capture Platform by Care Organisations,['John Vines'],['W_NL'],513
514,What Lies Above: Alternative User Experiences Produced Through Focussing Attention on GNSS Infrastructure,"['Stefan Poslad', 'Jennifer Gabrys']","['W_NL', 'W_NL']",514
515,What Makes Live Events Engaging on Facebook Live Periscope and Snapchat,['Oliver Haimson'],['W_NL'],515
516,WhatsApp is for family Messenger is for friends: Communication Places in App Ecosystems,['Midas Nouwens'],['W_NL'],516
517,When Empathy Is Not Enough: Assessing the Experiences of Autistic Children with Technologies,['Geraldine Fitzpatrick'],['W_NL'],517
518,When Fitness Meets Social Networks: Investigating Fitness Tracking and Social Practices on WeRun,['Xinning Gui'],['A'],518
519,When Personal Tracking Becomes Social: Examining the Use of Instagram for Healthy Eating,"['ChiaFang Chung', 'Sean Munson']","['A', 'W_NL']",519
520,Where Usability and Security Go Hand-in-Hand: Robust Gesture-Based Authentication for Mobile Systems,['Janne Lindqvist'],['W_NL'],520
521,Where is the Digital Divide?: A Survey of Security Privacy and Socioeconomics,"['Elissa Redmiles', 'Michelle Mazurek']","['W_NL', 'W_NL']",521
522,Why Players use Pings and Annotations in Dota 2,['Scott Bateman'],['W_NL'],522
523,Why Users Disintermediate Peer-to-Peer Marketplaces,['Amanda Waterman'],['W_NL'],523
524,WikiLyzer: Interactive Information Quality Assessment in Wikipedia,"['Marcelo Errecalde', 'Eduardo Veas']","['HL', 'HL']",524
525,XDBrowser 2.0: Semi-Automatic Generation of Cross-Device Interfaces,['Michael Nebeling'],['W_NL'],525
526,You Want Me to Work with Who?: Stakeholder Perceptions of Automated Team Formation in Project-based Courses,"['WaiTat Fu', 'Brian Bailey']","['A', 'W_NL']",526
527,Youth Perspectives on Critical Data Literacies,"['Sayamindu Dasgupta', 'Benjamin Mako Hill']","['A', 'W_NL']",527
528,shiftIO: Reconfigurable Tactile Elements for Dynamic Affordances and Mobile Interaction,"['Kesler Tanner', 'Sean Follmer']","['W_NL', 'W_NL']",528
