Title,Authors,Race,paper_id
'I Make Therefore I Am': The Effects of Curriculum-Aligned Making on Children's Self-Identity,"['Sharon Chu', 'Francis Quek']","['A', 'A']",0
'Maker' within Constraints: Exploratory Study of Young Learners using Arduino at a High School in India,"['Sowmya Somanath', 'Lora Oehlberg', 'Ehud Sharlin']","['A', 'W_NL', 'A']",1
A Critical Lens on Dementia and Design in HCI,['Amanda Lazar'],['W_NL'],3
A Framework for Speechreading Acquisition Tools,['Benjamin Gorman'],['W_NL'],5
A Human-Centered Approach to Algorithmic Services: Considerations for Fair and Motivating Smart Community Service Management that Allocates Donations to Non-Profit Organizations,['Ji Kim'],['A'],6
A Multifaceted Study on Eye Contact based Speaker Identification in Three-party Conversations,"['Yu Ding', 'Yuting Zhang', 'Zhigang Deng']","['A', 'A', 'A']",7
A Predictive Model of Emergency Physician Task Resumption Following Interruptions,['Aaron Hettinger'],['W_NL'],9
A Simple Nod of the Head: The Effect of Minimal Robot Movements on Children's Perception of a Low-Anthropomorphic Robot,"['Jamy Li', 'Vanessa Evers']","['A', 'B_NL']",10
A Thing of Beauty: Steering Behavior in an Interactive Playground,['Dennis Reidsma'],['W_NL'],11
Activitity as the Ultimate Particular of Interaction Design,['Annika Waern'],['W_NL'],12
Affective Color in Visualization,['Lyn Bartram'],['W_NL'],15
Agency in Assistive Technology Adoption: Visual Impairment and Smartphone Use in Bangalore,['Aditya Johri'],['A'],17
Agency in Mid-air Interfaces,['Silvana Pirro'],['HL'],18
AirPanes: Two-Handed Around-Device Interaction for Pane Switching on Smartphones,['Junhyeok Kim'],['A'],19
Algorithms ruin everything: #RIPTwitter Folk Theories and Resistance to Algorithmic Change in Social Media,"['Michael DeVito', 'Darren Gergle']","['W_NL', 'W_NL']",20
AlterNail: Ambient Batteryless Stateful Dynamic Displays at your Fingertips,"['Christine Dierk', 'Eric Paulos']","['W_NL', 'W_NL']",21
Always On(line)?: User Experience of Smartwatches and their Role within Multi-Device Ecologies,['Anna Cox'],['W_NL'],22
Ambiotherm: Enhancing Sense of Presence in Virtual Reality by Simulating Real-World Environmental Conditions,"['David Tolley', 'YiLuen Do']","['W_NL', 'A']",23
Attention Allocation Aid for Visual Search,['Arturo Deza'],['HL'],32
Audible Beacons and Wearables in Schools: Helping Young Visually Impaired Children Play and Move Independently,['Euan Freeman'],['W_NL'],34
Augmented Studio: Projection Mapping on Moving Body for Physiotherapy Education,['Frank Vetere'],['W_NL'],36
BIGnav: Bayesian Information Gain for Guiding Multiscale Navigation,['Wanyu Liu'],['A'],38
BackXPress: Using Back-of-Device Finger Pressure to Augment Touchscreen Input on Smartphones,['Simon Voelker'],['A'],39
Be Grateful You Don't Have a Real Disease: Understanding Rare Disease Relationships,['Grace Bastin'],['W_NL'],40
Be Me or Be Mii?: A Study of Self-Presentation and Interaction in the Miitomo Mobile Application,['Geoff Kaufman'],['W_NL'],41
Bendtroller:: An Exploration of In-Game Action Mappings with a Deformable Game Controller,['Audrey Girouard'],['W_NL'],43
Better Organization or a Source of Distraction?: Introducing Digital Peer Feedback to a Paper-Based Classroom,"['Alex Sciuto', 'Jessica Hammer']","['HL', 'W_NL']",44
Better the Devil You Know: Exposing the Data Sharing Practices of Smartphone Apps,['Max Van Kleek'],['W_NL'],45
Bitbarista: Exploring Perceptions of Data Transactions in the Internet of Things,['Chris Speed'],['W_NL'],47
Block Party: Synchronized Planning and Navigation Views for Neighbourhood Expeditions,['Derek Reilly'],['W_NL'],48
Bottom-up vs. Top-down: Trade-offs in Efficiency Understanding Freedom and Creativity with InfoVis Tools,['Miguel Nacenta'],['HL'],50
BreathScreen: Design and Evaluation of an Ephemeral UI,"['Ashley Colley', 'Jonna Hakkila']","['W_NL', 'W_NL']",51
Building a Maker Community Around an Open Hardware Platform,['Alan Chamberlain'],['W_NL'],52
Calendar.help: Designing a Workflow-Based Scheduling Agent with Humans in the Loop,['Sandeep Soni'],['A'],54
CalibMe: Fast and Unsupervised Eye Tracker Calibration for Gaze-Based Pervasive Human-Computer Interaction,['Thiago Santini'],['HL'],55
Can People Self-Report Security Accurately?: Agreement Between Self-Report and Behavioral Measures,"['Rick Wash', 'Emilee Rader']","['W_NL', 'W_NL']",57
Can Unicorns Help Users Compare Crypto Key Fingerprints?,['Blase Ur'],['W_NL'],58
CarVR: Enabling In-Car Virtual Reality Entertainment,['Jan Gugenheimer'],['W_NL'],60
Care and Connect: Exploring Dementia-Friendliness Through an Online Community Commissioning Platform,['Peter Wright'],['W_NL'],61
Celebratory Technology to Orchestrate the Sharing of Devices and Stories during Family Mealtimes,"['Frank Vetere', 'Hilary Davis']","['W_NL', 'W_NL']",63
Centralized Parallel and Distributed Information Processing during Collective Sensemaking,"['Kate Starbird', 'Emma Spiro']","['W_NL', 'W_NL']",64
Challenges in Public Display Deployments: A Taxonomy of External Factors,"['Jaakko Hakulinen', 'Tomi Heimonen', 'Markku Turunen']","['A', 'W_NL', 'A']",65
Chameleon Devices: Investigating More Secure and Discreet Mobile Interactions via Active Camouflaging,"['Jennifer Pearson', 'Matt Jones', 'Shashank Ahire', 'Deepak Sahoo']","['W_NL', 'W_NL', 'A', 'A']",66
Changing Moods: How Manual Tracking by Family Caregivers Improves Caring and Family Communication,['Hideaki Kuzuoka'],['A'],67
ChartSense: Interactive Data Extraction from Chart Images,['Hyunjoo Song'],['A'],68
Cinehacking Cape Town - Embracing Informality in Pursuit of High Quality Media,"['David Green', 'Peter Wright']","['W_NL', 'W_NL']",69
Citizen Science Opportunities in Volunteer-Based Online Experiments,['Nigini Oliveira'],['A'],70
Cito: An Actuated Smartwatch for Extended Interactions,['Daniel Vogel'],['W_NL'],71
Class Confessions: Restorative Properties in Online Experiences of Socioeconomic Stigma,"['Oliver Haimson', 'Nazanin Andalibi', 'Melissa Mazmanian', 'Gillian Hayes']","['W_NL', 'A', 'W_NL', 'W_NL']",72
Close to the Action: Eye-Tracking Evaluation of Speaker-Following Subtitles,['Daniel Weiskopf'],['W_NL'],73
Co-3Deator: A Team-First Collaborative 3D Design Ideation Tool,"['Cecil Piya', 'Niklas Elmqvist']","['A', 'W_NL']",74
Co-Designing with Preschoolers Using Fictional Inquiry and Comicboarding,['Alexis Hiniker'],['W_NL'],75
Collaborative Map Making: A Reflexive Method for Understanding Matters of Concern in Design Research,"['Hee Lee', 'Selma Sabanovic']","['A', 'W_NL']",80
Community Commerce: Facilitating Trust in Mom-to-Mom Sale Groups on Facebook,['Sarita Schoenebeck'],['A'],81
Community Conversational: Supporting and Capturing Political Deliberation in Local Consultation Processes,"['Jo Briggs', 'Emma Flynn', 'John Vines']","['W_NL', 'W_NL', 'W_NL']",82
Community-Empowered Air Quality Monitoring System,['YenChia Hsu'],['A'],84
Comparing Social Robot Screen and Voice Interfaces for Smart-Home Control,['Michal Luria'],['W_NL'],85
Comparing Touchscreen and Mouse Input Performance by People With and Without Upper Body Motor Impairments,"['Leah Findlater', 'Jon Froehlich']","['W_NL', 'W_NL']",86
Competent Men and Warm Women: Gender Stereotypes and Backlash in Image Search Results,['Paul Clough'],['W_NL'],87
Connecting Those That Care: Designing for Transitioning Talking Belonging and Escaping,"['Konstantina Vasileiou', 'Manuela Barreto', 'Julie Barnett', 'Shaun Lawson', 'John Vines']","['A', 'HL', 'W_NL', 'W_NL', 'W_NL']",90
Could You Define That in Bot Terms?: Requesting Creating and Using Bots on Reddit,"['John Vines', 'Selina Sutton', 'Ben Kirman', 'Julie Barnett', 'Shaun Lawson']","['W_NL', 'W_NL', 'A', 'W_NL', 'W_NL']",92
Crafting a View of Self-Tracking Data in the Clinical Visit,['Helena Mentis'],['W_NL'],93
Creating a Sociotechnical API: Designing City-Scale Community Engagement,['Christopher Dantec'],['W_NL'],95
Critique Style Guide: Improving Crowdsourced Design Feedback with a Natural Language Model,"['Elizabeth Gerber', 'Brian Bailey']","['W_NL', 'W_NL']",99
CrowdVerge: Predicting If People Will Agree on the Answer to a Visual Question,['Danna Gurari'],['W_NL'],101
Crowdfunding Platforms and the Design of Paying Publics,['Jo Briggs'],['W_NL'],102
Deconstructing Cosmetic Virtual Goods Experiences in Dota 2,['Alexander Sirotkin'],['W_NL'],105
DemYouth: Co-Designing and Enacting Tools to Support Young People's Engagement with People with Dementia,['John Vines'],['W_NL'],107
Demand Around the Clock: Time Use and Data Demand of Mobile Devices in Everyday Life,"['Kelly Widdicks', 'Oliver Bates', 'Adrian Friday']","['W_NL', 'W_NL', 'W_NL']",108
Design and Evaluation of a Data-Driven Password Meter,"['Blase Ur', 'Nicolas Christin', 'Pardis Emami Naeini']","['W_NL', 'W_NL', 'A']",112
Design for Trust: An Exploration of the Challenges and Opportunities of Bitcoin Users,['Corina Sas'],['HL'],113
Designing Cultural Values into Interaction,['Kate Hennessy'],['W_NL'],117
Designing Game-Based Myoelectric Prosthesis Training,['Scott Bateman'],['W_NL'],119
Designing Gamified Applications that Make Safe Driving More Engaging,['Ronald Schroeter'],['W_NL'],120
Designing Interactive Advertisements for Public Displays,"['Hasibullah Sahibzada', 'Florian Echtler']","['A', 'W_NL']",122
Designing for Cohabitation: Naturecultures Hybrids and Decentering the Human in Design,['Shaowen Bardzell'],['A'],124
Designing for Kinesthetic Awareness: Revealing User Experiences through Second-Person Inquiry,"['Sarah Alaoui', 'Thecla Schiphorst']","['W_NL', 'W_NL']",125
"Designing for the ""Universe of One"": Personalized Interactive Media Systems for People with the Severe Cognitive Impairment Associated with Rett Syndrome",['Joanna McGrenere'],['W_NL'],127
Deus EM Machina: On-Touch Contextual Functionality for Smart IoT Appliances,"['Robert Xiao', 'Chris Harrison']","['A', 'W_NL']",128
Differences in Crowdsourced vs. Lab-based Mobile and Desktop Input Performance Data,"['Leah Findlater', 'Jon Froehlich']","['W_NL', 'W_NL']",129
Digital Mechanical Metamaterials,"['Robert Kovacs', 'Patrick Baudisch']","['W_NL', 'W_NL']",131
Disempowered by Data: Nonprofits Social Enterprises and the Consequences of Data-Driven Work,"['Chris Bopp', 'Ellie Harmon']","['W_NL', 'W_NL']",134
EdiPulse: Investigating a Playful Approach to Self-monitoring through 3D Printed Chocolate Treats,"['Rohit Khot', 'Florian Mueller']","['A', 'W_NL']",139
Effects of Frequency Distribution on Linear Menu Performance,['Wanyu Liu'],['A'],141
Effects of Sharing Physiological States of Players in a Collaborative Virtual Reality Gameplay,"['Arindam Dey', 'Thammathip Piumsomboon']","['A', 'A']",142
Effects of Tactile Feedback on the Perception of Virtual Shapes on Non-Planar DisplayObjects,['Roel Vertegaal'],['W_NL'],143
Efficient Typing on a Visually Occluded Physical Keyboard,['Keith Vertanen'],['W_NL'],144
Electrick: Low-Cost Touch Sensing Using Electric Field Tomography,['Chris Harrison'],['W_NL'],145
Embodied Design Ideation Methods: Analysing the Power of Estrangement,['Anna Vallgrda'],['HL'],146
Embracing Errors: Examining How Context of Use Impacts Blind Individuals' Acceptance of Navigation Aid Errors,['Amy Hurst'],['W_NL'],147
Emotion Actuator: Embodied Emotional Feedback through Electroencephalography and Electrical Muscle Stimulation,['Michael Rohs'],['W_NL'],148
Empirical Analysis of the Subjective Impressions and Objective Measures of Domain Scientists' Visual Analytic Judgments,['Aritra Dasgupta'],['A'],149
"Enabling Polyvocality in Interactive Documentaries through ""Structural Participation""","['David Green', 'Jonathan Hook', 'Peter Wright']","['W_NL', 'W_NL', 'W_NL']",151
Enhancing Personal Informatics Through Social Sensemaking,"['Aare Puussaar', 'Peter Wright']","['W_NL', 'W_NL']",153
EnseWing: Creating an Instrumental Ensemble Playing Experience for Children with Limited Music Training,['Feng Tian'],['A'],154
Environment-Scale Fabrication: Replicating Outdoor Climbing Experiences,['Emily Whiting'],['W_NL'],155
Essence: Olfactory Interfaces for Unconscious Influence of Mood and Cognitive Performance,"['Judith Amores', 'Pattie Maes']","['HL', 'W_NL']",156
Evaluating Perceptually Complementary Views for Network Exploration Tasks,['Kim Marriott'],['W_NL'],158
Examining Adult-Child Interactions in Intergenerational Participatory Design,"['Jason Yip', 'Laura Pina']","['A', 'HL']",159
Examining Crowd Work and Gig Work Through The Historical Lens of Piecework,['Michael Bernstein'],['W_NL'],160
Examining Menstrual Tracking to Inform the Design of Personal Informatics Tools,"['Daniel Epstein', 'Laura Pina', 'Julie Kientz', 'Sean Munson']","['W_NL', 'HL', 'W_NL', 'W_NL']",163
Experiences of Delivering a Public Health Data Service,['Madeline Balaam'],['W_NL'],164
Experimental Analysis of Mode Switching Techniques in Touch-based User Interfaces,['Daniel Vogel'],['W_NL'],165
Exploring Novice Approaches to Smartphone-based Thermographic Energy Auditing: A Field Study,"['Manaswi Saha', 'Jon Froehlich']","['A', 'W_NL']",170
Exploring Seasonality in Mobile Cultural Heritage,['Juan Carlos Vasquez'],['HL'],171
Exploring Topic-Based Sharing Mechanisms,['Lorrie Faith Cranor'],['W_NL'],172
Extracting Gait Velocity and Stride Length from Surrounding Radio Signals,"['Hsu ChenYu', 'Dina Katabi']","['A', 'A']",173
FDVT: Data Valuation Tool for Facebook Users,"['ngel Cuevas', 'Rubn Cuevas']","['HL', 'HL']",175
FLight: A Low-Cost Reading and Writing System for Economically Less-Privileged Visually-Impaired People Exploiting Ink-based Braille System,['Alim Islam'],['A'],176
Facade: Auto-generating Tactile Interfaces to Appliances,['Scott Hudson'],['W_NL'],177
Facilitating Development of Pragmatic Competence through a Voice-driven Video Learning Interface,['Gabriel Culbertson'],['W_NL'],178
Facilitating Pervasive Community Policing on the Road with Mobile Roadwatch,['Sangkeun Park'],['A'],179
Factors in Fairness and Emotion in Online Case Resolution Systems,['Cliff Lampe'],['W_NL'],180
Fieldward and Pathward: Dynamic Guides for Defining Your Own Gestures,"['Joseph Malloch', 'Joanna McGrenere']","['B_NL', 'W_NL']",181
Finding Common Ground: A Survey of Capacitive Sensing in Human-Computer Interaction,"['Steve Hodges', 'Joshua Smith']","['W_NL', 'W_NL']",182
Finding Similar People to Guide Life Choices: Challenge Design and Evaluation,"['Catherine Plaisant', 'Neil Spring']","['W_NL', 'W_NL']",183
Finding the Right Fit: Understanding Health Tracking in Workplace Wellness Programs,"['ChiaFang Chung', 'Sean Munson']","['A', 'W_NL']",184
Five Lenses for Designing Exertion Experiences,['Florian Mueller'],['W_NL'],185
Flash Organizations: Crowdsourcing Complex Work by Structuring Crowds As Organizations,"['Daniela Retelny', 'Michael Bernstein']","['HL', 'W_NL']",186
Flexibles: Deformation-Aware 3D-Printed Tangibles for Capacitive Touchscreens,['Jrgen Steimle'],['W_NL'],187
Follow-My-Lead: Intuitive Indoor Path Creation and Navigation Using Interactive Videos,['Shengdong Zhao'],['A'],188
ForceEdge: Controlling Autoscroll on Both Desktop and Mobile Computers Using the Force,['Axel Antoine'],['W_NL'],189
Free the Hands! Enhanced Target Selection via a Variable-Friction Shoe,['Jeremy Cooperstock'],['W_NL'],190
Freedom versus Standardization: Structured Data Generation in a Peer Production Community,"['Sarah McRoberts', 'Brent Hecht']","['W_NL', 'W_NL']",191
From in the Class or in the Wild?: Peers Provide Better Design Feedback Than External Crowds,"['WaiTat Fu', 'Elizabeth Gerber', 'Brian Bailey']","['A', 'W_NL', 'W_NL']",192
Frozen Suit: Designing a Changeable Stiffness Suit and its Application to Haptic Games,['Anne Roudaut'],['W_NL'],193
GIAnT: Visualizing Group Interaction at Large Wall Displays,['Raimund Dachselt'],['W_NL'],196
Gender Norms and Attitudes about Childcare Activities Presented on Father Blogs,"['Kai Lukoff', 'Sarita Schoenebeck']","['A', 'A']",201
Gender-Inclusiveness Personas vs. Stereotyping: Can We Have it Both Ways?,"['Nicola Marsden', 'Margaret Burnett']","['W_NL', 'W_NL']",202
Genie: Input Retargeting on the Web through Command Reverse Engineering,['Andrew Ko'],['A'],203
Getting Something for Nothing?: A User-Centric Perspective on Loyalty Card Schemes,['Chris Speed'],['W_NL'],204
Group Touch: Distinguishing Tabletop Users in Group Settings via Statistical Modeling of Touch Pairs,['Jacob Wobbrock'],['W_NL'],206
Growing the Blockchain Information Infrastructure,['Pernille Bjorn'],['W_NL'],207
Gut Instinct: Creating Scientific Theories with Online Learners,['Vineet Pandey'],['A'],210
HCI Solidarity Movements and the Solidarity Economy,"['Matt Jones', 'Shaun Lawson']","['W_NL', 'W_NL']",211
HCI and Environmental Public Policy: Opportunities for Engagement,"['Vanessa Thomas', 'Oliver Bates']","['W_NL', 'W_NL']",212
HOBIT: Hybrid Optical Bench for Innovative Teaching,"['Bruno Bousquet', 'JeanPaul Guillet']","['W_NL', 'W_NL']",213
Handsfree Omnidirectional VR Navigation using Head Tilt,"['Majed Al Zayer', 'Eelke Folmer']","['A', 'W_NL']",216
Haptic-Enabled Handheld Mobile Robots: Design and Analysis,['Pierre Dillenbourg'],['W_NL'],217
HapticHead: A Spherical Vibrotactile Grid around the Head for 3D Guidance in Virtual and Augmented Reality,['Michael Rohs'],['W_NL'],218
Has Instagram Fundamentally Altered the 'Family Snapshot'?,"['Shaun Lawson', 'Jamie Mahoney']","['W_NL', 'W_NL']",219
HeadPhones: Ad Hoc Mobile Multi-Display Environments through Head Tracking,['Jens Grubert'],['W_NL'],220
Heat-Nav: Using Temperature Changes as Navigation Cues,['Jordan Tewell'],['W_NL'],221
High Costs and Small Benefits: A Field Study of How Users Experience Operating System Upgrades,['Joanna McGrenere'],['W_NL'],223
How Busy Are You?: Predicting the Interruptibility Intensity of Mobile Users,['Janne Lindqvist'],['W_NL'],224
How Design-inclusive UXR Influenced the Integration of Project Activities: Three Design Cases from Industry,['Janne Kollenburg'],['W_NL'],225
How Values Shape Collaboration Between Patients with Multiple Chronic Conditions and Spousal Caregivers,['Andrew Berry'],['W_NL'],228
I Need Your Encouragement!: Requesting Supportive Comments on Social Media Reduces Test Anxiety,"['Brian Bailey', 'Craig Zilles']","['W_NL', 'W_NL']",230
I've been manipulated!: Designing Second Screen Experiences for Critical Viewing of Reality TV,"['Gavin Wood', 'Julie Barnett', 'John Vines', 'Shaun Lawson']","['W_NL', 'W_NL', 'W_NL', 'W_NL']",231
IconHK: Using Toolbar button Icons to Communicate Keyboard Shortcuts,['Fanny Chevalier'],['W_NL'],233
Identification and Classification of Usage Patterns in Long-Term Activity Tracking,['Wilko Heuten'],['W_NL'],234
Identifying how Visually Impaired People Explore Raised-line Diagrams to Improve the Design of Touch Interfaces,['Bernard Oriola'],['W_NL'],236
If a person is emailing you it just doesn't make sense: Exploring Changing Consumer Behaviors in Email,"['Nediyana Daskalova', 'Nazanin Andalibi']","['HL', 'A']",237
IllumiPaper: Illuminated Interactive Paper,['Raimund Dachselt'],['W_NL'],238
Illumination Aesthetics: Light as a Creative Material within Computational Design,['Eric Paulos'],['W_NL'],239
Implications for Adoption,"['Paul Coulton', 'Miriam Sturdee']","['W_NL', 'W_NL']",241
Improving Dwell-Based Gaze Typing with Dynamic Cascading Dwell Times,['Jacob Wobbrock'],['W_NL'],242
Improving Gesture Recognition Accuracy on Touch Screens for Users with Low Vision,['RaduDaniel Vatavu'],['A'],243
Inferring Motion Direction using Commodity Wi-Fi for Interactive Exergames,['Yunhao Liu'],['A'],245
Interaction Proxies for Runtime Repair and Enhancement of Mobile Application Accessibility,['Jacob Wobbrock'],['W_NL'],249
Interactive Performance as a Means of Civic Dialogue,['Louise Barkhuus'],['W_NL'],252
Interactive Visual Calibration of Volumetric Head-Tracked 3D Displays,['Ian Stavness'],['W_NL'],253
Interdependent Wearables (for Play): A Strong Concept for Design,['Katherine Isbister'],['W_NL'],254
Internet Search Roles of Adults in their Homes,['Leyla Norooz'],['W_NL'],256
Intersectional HCI: Engaging Identity through Gender Race and Class,"['Ari Schlesinger', 'Keith Edwards', 'Rebecca Grinter']","['W_NL', 'W_NL', 'W_NL']",257
Investigating Cross-Device Interaction between a Handheld Device and a Large Display,"['Jeni Paay', 'Jesper Kjeldskov', 'Mikael Skov']","['A', 'W_NL', 'W_NL']",259
Investigating Tilt-based Gesture Keyboard Entry for Single-Handed Text Entry on Large Devices,"['Per Ola Kristensson', 'Aaron Quigley']","['W_NL', 'W_NL']",260
Investigating the Motivational Paths of Peer Production Newcomers,"['Coye Cheshire', 'Oded Nov']","['W_NL', 'A']",261
Is Difficulty Overrated?: The Effects of Choice Novelty and Suspense on Intrinsic Motivation in Educational Games,"['Nirmal Patel', 'Jodi Forlizzi']","['A', 'W_NL']",263
Is Two Enough?: ! Studying Benefits Barriers and Biases of Multi-Tablet Use for Collaborative Visualization,"['HansChristian Jetter', 'Harald Reiterer']","['W_NL', 'W_NL']",264
It wasn't really about the Pokémon: Parents' Perspectives on a Location-Based Mobile Game,"['Arpita Bhattacharya', 'Alexis Hiniker', 'Jin Ha Lee', 'Julie Kientz', 'Jason Yip']","['A', 'W_NL', 'A', 'W_NL', 'A']",265
It's a Bomb! -- Material Literacy and Narratives of Making,['Sophie Sydow'],['W_NL'],266
Jackknife: A Reliable Recognizer with Few Samples and Many Modalities,['Joseph LaViola'],['W_NL'],267
Kinecting with Orangutans: Zoo Visitors' Empathetic Responses to Animals? Use of Interactive Technology,['Frank Vetere'],['W_NL'],268
Lessons from Practice: Designing Tools to Facilitate Individualized Support for Quitting Smoking,"['Arpita Bhattacharya', 'Julie Kientz', 'Sean Munson']","['A', 'W_NL', 'W_NL']",273
Leveraging Human Routine Models to Detect and Generate Human Behaviors,['Nikola Banovic'],['W_NL'],276
Live Physiological Sensing and Visualization Ecosystems: An Activity Theory Analysis,"['Tamara Clegg', 'Leyla Norooz', 'Angelisa Plane', 'Jason Yip', 'Jon Froehlich']","['W_NL', 'W_NL', 'W_NL', 'A', 'W_NL']",277
Localized Haptic Texture: A Rendering Technique based on Taxels for High Density Tactile Feedback,['Laurent Grisoni'],['W_NL'],279
Locating the Internet in the Parks of Havana,['Laura Pina'],['HL'],280
Locked or Not?: Mental Models of IoT Feature Interaction,['Lana Yarosh'],['W_NL'],281
Log it While it's Hot: Designing Human Interaction with Smart Thermostats for Shared Work Environments,['mc schraefel'],['W_NL'],282
Looking Coordinated: Bidirectional Gaze Mechanisms for Collaborative Interaction with Virtual Characters,['Michael Gleicher'],['W_NL'],284
MagicFace: Stepping into Character through an Augmented Reality Mirror,['Ana Javornik'],['W_NL'],287
MakerWear: A Tangible Approach to Interactive Wearable Creation for Children,"['Liang He', 'Jon Froehlich']","['A', 'W_NL']",288
Making Ritual Machines: The Mobile Phone as a Networked Material for Research Products,"['David Kirk', 'Abigail Durrant', 'Chris Elsden', 'JoAnne Bichard']","['W_NL', 'W_NL', 'W_NL', 'W_NL']",289
Making Sense of Sleep Sensors: How Sleep Sensing Technologies Support and Undermine Sleep Health,"['Julie Kientz', 'Laura Pina']","['W_NL', 'HL']",290
Managing Uncertainty in Time Expressions for Virtual Assistants,['Xin Rong'],['A'],291
Managing Uncertainty: Using Social Media for Risk Assessment during a Public Health Crisis,"['Xinning Gui', 'Yubo Kou']","['A', 'A']",292
Manifesting the Cyborg through Techno-Body Modification: From Human-Computer Interaction to Integration,['Bryan Semaan'],['W_NL'],293
Market Design for HCI: Successes and Failures of Peer-to-Peer Exchange Platforms,['Airi Lampinen'],['A'],294
Memory in Motion: The Influence of Gesture- and Touch-Based Input Modalities on Spatial Memory,"['Johannes Zagermann', 'Harald Reiterer']","['W_NL', 'W_NL']",296
Micro-Versioning Tool to Support Experimentation in Exploratory Programming,['Daisuke Sakamoto'],['A'],297
Misrepresentation of Health Research in Exertion Games Literature,['Conor Linehan'],['W_NL'],299
Modeling Sub-Document Attention Using Viewport Time,"['Yoav Artzi', 'Mor Naaman']","['W_NL', 'A']",300
Modelling Learning of New Keyboard Layouts,['Jussi Jokinen'],['W_NL'],301
Monster Appetite: Effects of Subversive Framing on Nutritional Choices in a Digital Game Environment,"['Maria Hwang', 'Lena Mamykina']","['A', 'A']",302
Mouse Tactile and Tangible Input for 3D Manipulation,"['Lonni Besanon', 'Mehdi Ammi']","['W_NL', 'A']",304
MoveMeant: Anonymously Building Community Through Shared Location Histories,['Mor Naaman'],['A'],305
MyriadHub: Efficiently Scaling Personalized Email Conversations with Valet Crowdsourcing,['Michael Bernstein'],['W_NL'],308
Narratives in Crowdsourced Evaluation of Visualizations: A Double-Edged Sword?,['Anastasia Bezerianos'],['HL'],309
No Such Thing as Too Much Chocolate: Evidence Against Choice Overload in E-Commerce,['Sarita Schoenebeck'],['A'],312
Not another Z piece!: Adaptive Difficulty in TETRIS,"['Sven Bertel', 'Fares Kayali']","['W_NL', 'A']",313
On Speculative Enactments,"['Chris Elsden', 'Abigail Durrant', 'Bettina Nissen', 'John Vines', 'David Kirk']","['W_NL', 'W_NL', 'W_NL', 'W_NL', 'W_NL']",315
Online Feedback Exchange: A Framework for Understanding the Socio-Psychological Factors,"['Eureka Foong', 'Brian Bailey', 'Elizabeth Gerber']","['A', 'W_NL', 'W_NL']",317
Opportunities and Design Considerations for Peer Support in a Hospital Setting,['Wanda Pratt'],['W_NL'],318
PFIS-V: Modeling Foraging Behavior in the Presence of Variants,"['Bhargav Pandya', 'Sandeep Kuttal', 'Margaret Burnett']","['A', 'A', 'W_NL']",321
Parents? and Children?s Preferences about Parents Sharing about Children on Social Media,['Sarita Schoenebeck'],['A'],322
Participatory Evaluation with Autistic Children,['Judith Good'],['W_NL'],324
PathViewer: Visualizing Pathways through Student Data,['Yiting Wang'],['A'],325
Pause: A Multi-lifespan Design Mechanism,['Batya Friedman'],['W_NL'],326
People Are Either Too Fake or Too Real: Opportunities and Challenges in Tie-Based Anonymity,"['Nazanin Andalibi', 'Louise Barkhuus', 'Mor Naaman']","['A', 'W_NL', 'A']",327
Performing Research: Four Contributions to HCI,"['Brendan Walker', 'Bettina Nissen', 'Peter Wright']","['W_NL', 'W_NL', 'W_NL']",328
PersaLog: Personalization of News Article Content,['Eytan Adar'],['W_NL'],329
Photo Privacy Conflicts in Social Media: A Large-scale Empirical Study,"['Jose Such', 'Adam Joinson']","['HL', 'W_NL']",330
Pineal: Bringing Passive Objects to Life with Embedded Mobile Devices,"['Lora Oehlberg', 'Saul Greenberg']","['W_NL', 'W_NL']",331
Placing and Recalling Virtual Items on the Skin,['Sebastian Boring'],['W_NL'],332
Playing Fast and Loose with Music Recognition,"['Chris Greenhalgh', 'Alan Chamberlain']","['W_NL', 'W_NL']",333
Post-userism,['Jed Brubaker'],['W_NL'],335
Pressure-Based Gain Factor Control for Mobile 3D Interaction using Locally-Coupled Devices,"['Lonni Besanon', 'Mehdi Ammi']","['W_NL', 'A']",336
Priming Drivers before Handover in Semi-Autonomous Cars,['Christian Janssen'],['W_NL'],337
Printflatables: Printing Human-Scale Functional and Dynamic Inflatable Objects,['Pattie Maes'],['W_NL'],338
Privacy Security and Surveillance in the Global South: A Study of Biometric Mobile SIM Registration in Bangladesh,"['Md Haque', 'Shion Guha']","['A', 'A']",339
ProCom: Designing and Evaluating a Mobile and Wearable System to Support Proximity Awareness for People with Autism,"['LouAnne Boyd', 'Gillian Hayes']","['W_NL', 'W_NL']",340
Products as Agents: Metaphors for Designing the Products of the IoT Age,['Elisa Giaccardi'],['HL'],341
Providing Haptics to Walls & Heavy Objects in Virtual Reality by Means of Electrical Muscle Stimulation,"['LungPan Cheng', 'Patrick Baudisch']","['A', 'W_NL']",344
Proxemic Transitions: Designing Shape-Changing Furniture for Informal Meetings,"['Marianne Petersen', 'Peter Krogh']","['W_NL', 'W_NL']",345
Quantifying Aversion to Costly Typing Errors in Expert Mobile Text Entry,['Nikola Banovic'],['W_NL'],347
Quantifying Sources and Types of Smartwatch Usage Sessions,"['Aku Visuri', 'Zhanna Sarsenbayeva', 'Vassilis Kostakos', 'Denzil Ferreira']","['A', 'A', 'W_NL', 'HL']",348
Quantifying the Body and Caring for the Mind: Self-Tracking in Multiple Sclerosis,['Anna Cox'],['W_NL'],349
Quietto: An Interactive Timepiece Molded in Concrete and Milled Wood,['YoungWoo Park'],['A'],351
ReTool: Interactive Microtask and Workflow Design through Demonstration,['Shengdong Zhao'],['A'],352
Reappropriating Hackathons: The Production Work of the CHI4Good Day of Service,"['Chris Bopp', 'Elizabeth Gerber']","['W_NL', 'W_NL']",354
Reflective Informatics Through Family Storytelling: Self-discovering Physical Activity Predictors,['Andrea Parker'],['B_NL'],357
Reflective Practicum: A Framework of Sensitising Concepts to Design for Transformative Reflection,['Geraldine Fitzpatrick'],['W_NL'],358
Remote Collaboration With Mixed Reality Displays: How Shared Virtual Landmarks Facilitate Spatial Referencing,['Harald Reiterer'],['W_NL'],359
Responsive Action-based Video Synthesis,"['Neill Campbell', 'Gabriel Brostow']","['W_NL', 'W_NL']",361
Retargeting Video Tutorials Showing Tools With Surface Contact to Augmented Reality,"['Markus Tatzgern', 'Denis Kalkofen']","['W_NL', 'W_NL']",362
Revisiting The American Voter on Twitter,['Zubair Shafiq'],['A'],364
Revolt: Collaborative Crowdsourcing for Labeling Machine Learning Datasets,['Joseph Chee Chang'],['A'],365
Reworking the Gaps between Design and Ethnography,"['Phoebe Sengers', 'Melissa Mazmanian']","['W_NL', 'W_NL']",366
SUGILITE: Creating Multimodal Smartphone Automation by Demonstration,"['Toby Li', 'Brad Myers']","['A', 'W_NL']",369
Scalable Annotation of Fine-Grained Categories Without Experts,['Li FeiFei'],['A'],370
Scratch Community Blocks: Supporting Children as Data Scientists,"['Sayamindu Dasgupta', 'Benjamin Mako Hill']","['A', 'W_NL']",372
Seeing Sensing and Recognizing Laban Movement Qualities,"['Sarah Alaoui', 'Thecla Schiphorst']","['W_NL', 'W_NL']",373
Self Harmony: Rethinking Hackathons to Design and Critique Digital Technologies for Those Affected by Self-Harm,['Shaun Lawson'],['W_NL'],374
Self-Confidence Trumps Knowledge: A Cross-Cultural Study of Security Behavior,['Nicolas Christin'],['W_NL'],375
Sensitizing Concepts for Socio-spatial Literacy in HCI,"['Peter Krogh', 'Marianne Petersen', 'Jens Emil Groenbaek']","['W_NL', 'W_NL', 'W_NL']",376
Share First Save Later: Performance of Self through Snapchat Stories,"['Sarah McRoberts', 'Svetlana Yarosh']","['W_NL', 'W_NL']",378
ShareVR: Enabling Co-Located Experiences for Virtual Reality between HMD and Non-HMD Users,['Jan Gugenheimer'],['W_NL'],379
Shift+Tap or Tap+LongPress?: The Upper Bound of Typing Speed on InScript,['Shashank Ahire'],['A'],380
Showing Objects: Holding and Manipulating Artefacts in Video-mediated Collaborative Settings,['Hideaki Kuzuoka'],['A'],381
Showing People Behind Data: Does Anthropomorphizing Visualizations Elicit More Empathy for Human Rights Data?,"['Margaret Satterthwaite', 'Oded Nov']","['W_NL', 'A']",382
Situated Anonymity: Impacts of Anonymity Ephemerality and Hyper-Locality on Social Media,"['Ari Schlesinger', 'Keith Edwards', 'Rebecca Grinter']","['W_NL', 'W_NL', 'W_NL']",383
Situated Dissemination through an HCI Workplace,"['Rachel Clarke', 'David Kirk']","['W_NL', 'W_NL']",384
Situating Wearables: Smartwatch Use in Context,['Airi Lampinen'],['A'],385
Situational When: Designing for Time Across Cultures,"['Paul Roe', 'Margot Brereton']","['W_NL', 'W_NL']",386
Sketching CuddleBits: Coupled Prototyping of Body and Behaviour for an Affective Robot Pet,"['Paul Bucci', 'Merel Jung', 'Jussi Rantala', 'Karon MacLean']","['W_NL', 'A', 'HL', 'W_NL']",387
SkinMarks: Enabling Interactions on Body Landmarks Using Conformal Skin Electronics,['Jrgen Steimle'],['W_NL'],388
SoPhy: A Wearable Technology for Lower Limb Assessment in Video Consultations of Physiotherapy,"['Frank Vetere', 'Mark Bradford']","['W_NL', 'W_NL']",389
Sparse Haptic Proxy: Touch Feedback in Virtual Environments Using a General Passive Prop,['LungPan Cheng'],['A'],392
Squeezeback: Pneumatic Compression for Notifications,['Michael Rohs'],['W_NL'],393
Starting Online Communities: Motivations and Goals of Wiki Founders,"['Jeremy Foote', 'Darren Gergle', 'Aaron Shaw']","['W_NL', 'W_NL', 'W_NL']",394
Stories from Survivors: Privacy & Security Practices when Coping with Intimate Partner Abuse,"['Tara Matthews', 'Jill Palzkill Woelfer']","['W_NL', 'W_NL']",395
StretchEBand: Enabling Fabric-based Interactions through Rapid Fabrication of Textile Stretch Sensors,['Anita Vogl'],['W_NL'],397
Stretching the Bounds of 3D Printing with Embedded Textiles,"['Michael Rivera', 'Daniel Ashbrook', 'Scott Hudson']","['HL', 'W_NL', 'W_NL']",398
Structured Input Improves Usability and Precision for Solving Geometry-based Algebraic Problems,"['Joseph LaViola', 'Pamela Wisniewski']","['W_NL', 'W_NL']",399
Subtle and Personal Workspace Requirements for Visual Search Tasks on Public Displays,['James Wallace'],['W_NL'],400
Successful Leisure in Independent Living Communities: Understanding Older Adults' Motivations to Engage in Leisure Activities,['Amanda Lazar'],['W_NL'],401
Supporting Cultures of Making: Technology Policy Visions and Myths,['Shaowen Bardzell'],['A'],403
Supporting Everyday Function in Chronic Pain Using Wearable Technology,['Nadia BianchiBerthouze'],['W_NL'],404
Supporting Making Fixations and the Effect on Gaze Gesture Performance,['Howell Istance'],['W_NL'],405
Supporting People with Dementia in Digital Social Sharing,['Amanda Lazar'],['W_NL'],406
Supporting Self-Care of Adolescents with Nut Allergy Through Video and Mobile Educational Tools,"['John Vines', 'Selina Sutton', 'David Green', 'Madeline Balaam']","['W_NL', 'W_NL', 'W_NL', 'W_NL']",407
Supporting the Self-Management of Chronic Pain Conditions with Tailored Momentary Self-Assessments,['Geri Gay'],['W_NL'],408
Supporting the Use of User Generated Content in Journalistic Practice,"['Peter Tolmie', 'Christian Burger', 'Arkaitz Zubiaga']","['W_NL', 'W_NL', 'HL']",409
Synthesizing Stroke Gestures Across User Populations: A Case for Users with Visual Impairments,['RaduDaniel Vatavu'],['A'],411
Synthetic Sensors: Towards General-Purpose Sensing,['Chris Harrison'],['W_NL'],412
TagRefinery: A Visual Tool for Tag Wrangling,['Mohsen Kamalzadeh'],['A'],414
Tap the: A Design-Based Inquiry into Issue Advocacy and Digital Civics,['Christopher Dantec'],['W_NL'],416
Teaching Programming with Gamified Semantics,['Andrew Myers'],['W_NL'],417
Technology Individuation: The Foibles of Augmented Everyday Objects,"['Aloha Ambe', 'Margot Brereton', 'Paul Roe']","['A', 'W_NL', 'W_NL']",418
Testing Incremental Difficulty Design in Platformer Games,['Lennart Nacke'],['W_NL'],419
The Design Fictions of Philanthropic IT: Stuck Between an Imperfect Present and an Impossible Future,"['Ellie Harmon', 'Chris Bopp']","['W_NL', 'W_NL']",422
The Effect of Population and,['Brent Hecht'],['W_NL'],424
The Geography of Pokémon GO: Beneficial and Problematic Effects on Places and Movement,"['Ashley Colley', 'Jonna Hakkila', 'Nina Wenig', 'Brent Hecht']","['W_NL', 'W_NL', 'A', 'W_NL']",426
The Heat is On: A Temperature Display for Conveying Affective Feedback,['Jordan Tewell'],['W_NL'],427
The Pokémon GO Experience: A Location-Based Augmented Reality Mobile Game Goes Mainstream,['Hannu Korhonen'],['A'],432
The Role of Explanations in Casual Observational Learning about Nutrition,"['Marissa Burgermaster', 'Lena Mamykina']","['W_NL', 'A']",434
The Trials and Tribulations of Working with Structured Data: -a Study on Information Seeking Behaviour,['Elena Simperl'],['W_NL'],436
The UX of Avatar Customization,['Victoria McArthur'],['W_NL'],437
Theory-Driven Collocated CMC: A Study of Collocated Mediated Interaction as a Public Sphere,['Bryan Semaan'],['W_NL'],439
ThermoVR: Exploring Integrated Thermal Haptic Feedback with Head Mounted Displays,"['Roshan Peiris', 'Kouta Minamizawa']","['A', 'A']",440
These are not my hands!: Effect of Gender on the Perception of Avatar Hands in Virtual Reality,['Cagri Tasci'],['W_NL'],441
They're Just Tixel Pits Man: Disputing the 'Reality' of Virtual Reality Pornography through the Story Completion Method,"['Gavin Wood', 'Madeline Balaam']","['W_NL', 'W_NL']",442
Thin Grey Lines: Confrontations With Risk on Colorado's Front Range,['Leah Sprain'],['W_NL'],443
ThirdEye: Simple Add-on Display to Represent Remote Participant's Gaze Direction in Video Communication,['Hideaki Kuzuoka'],['A'],444
Thumb + Pen Interaction on Tablets,['Ken Pfeuffer'],['W_NL'],446
Thumprint: Socially-Inclusive Local Group Authentication Through Shared Secret Knocks,['Chris Harrison'],['W_NL'],447
TopoGroups: Context-Preserving Visual Illustration of Multi-Scale Spatial Aggregates,"['Niklas Elmqvist', 'David Ebert']","['W_NL', 'W_NL']",450
Toward Harmonizing Self-reported and Logged Social Data for Understanding Human Behavior,['Arushi Jain'],['A'],452
Toward Usable Evidence: Optimizing Knowledge Accumulation in HCI Research on Health Behavior Change,['Predrag Klasnja'],['A'],453
Towards Personality-driven Persuasive Health Games and Gamified Systems,['Lennart Nacke'],['W_NL'],458
Toys that Listen: A Study of Parents Children and Internet-Connected Toys,['Franziska Roesner'],['W_NL'],461
Transitions in Digital Personhood: Online Activity in Early Retirement,"['Abigail Durrant', 'David Kirk', 'Wendy Moncur', 'Kathryn Orzech', 'Chris Elsden', 'Andrew Monk']","['W_NL', 'W_NL', 'B_NL', 'W_NL', 'W_NL', 'W_NL']",462
Traversing Boundaries: Understanding the Experiences of Ageing Saudis,['Tuck Wah Leong'],['A'],465
TrussFab: Fabricating Sturdy Large-Scale Structures on Desktop 3D Printers,"['Robert Kovacs', 'Patrick Baudisch']","['W_NL', 'W_NL']",466
TummyTrials: A Feasibility Study of Using Self-Experimentation to Detect Individualized Food Triggers,"['Daniel Epstein', 'Laura Pina', 'Julie Kientz', 'Sean Munson']","['W_NL', 'HL', 'W_NL', 'W_NL']",467
Turbulent Touch: Touchscreen Input for Cockpit Flight Displays,"['Philippe Palanque', 'Karon MacLean']","['A', 'W_NL']",468
UX Design Innovation: Challenges for Working with Machine Learning as a Design Material,"['Jodi Forlizzi', 'John Zimmerman']","['W_NL', 'W_NL']",471
Ubiquitous Accessibility for People with Visual Impairments: Are We There Yet?,"['Donald Porter', 'IV Ramakrishnan']","['W_NL', 'A']",472
Understanding Blind People's Experiences with Computer-Generated Captions of Social Media Images,['Cynthia Bennett'],['W_NL'],473
Understanding Concept Maps: A Closer Look at How People Organise Ideas,['Stefano Padilla'],['HL'],474
Understanding Gaming Perceptions and Experiences in a Women's College Community,['Lauren Westendorf'],['W_NL'],477
Understanding Grip Shifts: How Form Factors Impact Hand Movements on Mobile Phones,['Anne Roudaut'],['W_NL'],478
Understanding Public Evaluation: Quantifying Experimenter Intervention,"['Julie Williamson', 'John Williamson']","['W_NL', 'W_NL']",479
Understanding Shoulder Surfing in the Wild: Stories from Users and Observers,['Heinrich Hussmann'],['W_NL'],480
Understanding Volunteer AT Fabricators: Opportunities and Challenges in DIY-AT for Others in e-NABLE,['Daniel Ashbrook'],['W_NL'],482
Understanding the Cost of Driving Trips,['Cheng Zhang'],['A'],483
Understanding the Effects of Endorsements in Scientific Crowdfunding,"['Sanorita Dey', 'WaiTat Fu']","['A', 'A']",484
"Understanding the Role Fluidity of Stakeholders During Assistive Technology Research ""In the Wild""","['LouAnne Boyd', 'Kyle Rector', 'Annuska Zolyomi', 'Gillian Hayes']","['W_NL', 'W_NL', 'A', 'W_NL']",485
Understanding: A Systematic Study of Catastrophic Incidents Associated with Personal Navigation Technologies,['Brent Hecht'],['W_NL'],486
User Interactions and Permission Use on Android,['Michelle Mazurek'],['W_NL'],489
Using Advisory 3D Sound Cues to Improve Drivers' Performance and Situation Awareness,"['MinJuan Wang', 'Palle Dahlstedt']","['A', 'W_NL']",491
Utilizing Experience Goals in Design of Industrial Systems,"['Tomi Heimonen', 'Jussi Jokinen', 'Jaakko Hakulinen', 'Markku Turunen']","['W_NL', 'W_NL', 'A', 'A']",492
VITA: Towards Supporting Volunteer Interactions with Long-Term Care Residents with Dementia,['Shengdong Zhao'],['A'],495
Variolite: Supporting Exploratory Programming by Data Scientists,['Brad Myers'],['W_NL'],496
Visual Composition of Graphical Elements on Non-Rectangular Displays,['Anne Roudaut'],['W_NL'],498
Visualization Literacy at Elementary School,['Fanny Chevalier'],['W_NL'],499
VoxPL: Programming with the Wisdom of the Crowd,['Emery Berger'],['W_NL'],501
Voyager 2: Augmenting Visual Analysis with Partial View Specifications,['Zening Qu'],['A'],502
WAVES: A Wearable Asymmetric Vibration Excitation System for Presenting Three-Dimensional Translation and Rotation Cues,['Michael Raitor'],['W_NL'],503
Was my message read?: Privacy and Signaling on Facebook Messenger,"['Roberto Hoyle', 'Apu Kapadia']","['HL', 'A']",504
WatchSense: On- and Above-Skin Input Sensing through a Wearable Depth Sensor,"['Srinath Sridhar', 'Christian Theobalt', 'Sebastian Boring']","['A', 'W_NL', 'W_NL']",505
WatchThru: Expanding Smartwatch Displays with Mid-air Visuals and Wrist-worn Augmented Reality,['Rainer Malaka'],['W_NL'],506
WeBuild: Automatically Distributing Assembly Tasks Among Collocated Workers to Improve Coordination,['Ailie Fraser'],['W_NL'],507
What Can Be Predicted from Six Seconds of Driver Glances?,"['Sean Seaman', 'Bruce Mehler']","['W_NL', 'W_NL']",510
What Do We Really Know about How Habituation to Warnings Occurs Over Time?: A Longitudinal fMRI Study of Habituation and Polymorphic Warnings,"['Anthony Vance', 'Brock Kirwan', 'Bonnie Anderson']","['W_NL', 'W_NL', 'W_NL']",512
What Happens to Digital Feedback?: Studying the Use of a Feedback Capture Platform by Care Organisations,['John Vines'],['W_NL'],513
What Makes Live Events Engaging on Facebook Live Periscope and Snapchat,['Oliver Haimson'],['W_NL'],515
WhatsApp is for family Messenger is for friends: Communication Places in App Ecosystems,['Midas Nouwens'],['W_NL'],516
When Empathy Is Not Enough: Assessing the Experiences of Autistic Children with Technologies,['Geraldine Fitzpatrick'],['W_NL'],517
When Fitness Meets Social Networks: Investigating Fitness Tracking and Social Practices on WeRun,['Xinning Gui'],['A'],518
When Personal Tracking Becomes Social: Examining the Use of Instagram for Healthy Eating,"['ChiaFang Chung', 'Sean Munson']","['A', 'W_NL']",519
Where Usability and Security Go Hand-in-Hand: Robust Gesture-Based Authentication for Mobile Systems,['Janne Lindqvist'],['W_NL'],520
Where is the Digital Divide?: A Survey of Security Privacy and Socioeconomics,"['Elissa Redmiles', 'Michelle Mazurek']","['W_NL', 'W_NL']",521
Why Players use Pings and Annotations in Dota 2,['Scott Bateman'],['W_NL'],522
Why Users Disintermediate Peer-to-Peer Marketplaces,['Amanda Waterman'],['W_NL'],523
XDBrowser 2.0: Semi-Automatic Generation of Cross-Device Interfaces,['Michael Nebeling'],['W_NL'],525
You Want Me to Work with Who?: Stakeholder Perceptions of Automated Team Formation in Project-based Courses,"['WaiTat Fu', 'Brian Bailey']","['A', 'W_NL']",526
Youth Perspectives on Critical Data Literacies,"['Sayamindu Dasgupta', 'Benjamin Mako Hill']","['A', 'W_NL']",527
shiftIO: Reconfigurable Tactile Elements for Dynamic Affordances and Mobile Interaction,"['Kesler Tanner', 'Sean Follmer']","['W_NL', 'W_NL']",528
